state,election_date,jurisdiction_type,county_name,precinct_id,name,address
DE,2018-11-06,county,Kent,06-32,LITTLE CREEK FIRE HALL ,"311 MAIN ST, LITTLE CREEK, DE 19961"
DE,2018-11-06,county,Kent,07-32,EAST DOVER ELEM SCHOOL ,"852 S LITTLE CREEK RD, DOVER, DE 19901"
DE,2018-11-06,county,Kent,08-32,LITTLE CREEK FIRE HALL ,"311 MAIN ST, LITTLE CREEK, DE 19961"
DE,2018-11-06,county,Kent,09-32,EAST DOVER ELEM SCHOOL ,"852 S LITTLE CREEK RD, DOVER, DE 19901"
DE,2018-11-06,county,Kent,10-32,W REILY BROWN ELEM SCHOOL ,"360 WEBBS LN, DOVER, DE 19901"
DE,2018-11-06,county,Kent,11-32,ALLEN FREAR ELEM SCHOOL ,"238 SORGHUM MILL RD, CAM-WYO, DE 19934"
DE,2018-11-06,county,Kent,12-32,F NIEL POSTLETHWAIT SCHOOL ,"2841 S STATE ST, CAM-WYO, DE 19934"
DE,2018-11-06,county,Kent,01-33,RURITAN CLUB VIOLA ,"29 RURITAN LN, VIOLA, DE 19979"
DE,2018-11-06,county,Kent,02-33,F NIEL POSTLETHWAIT SCHOOL ,"2841 S STATE ST, CAM-WYO, DE 19934"
DE,2018-11-06,county,Kent,03-33,MAGNOLIA FIRE HALL ,"2 N MAIN ST, MAGNOLIA, DE 19962"
DE,2018-11-06,county,Kent,04-33,LAKE FOREST EAST ELEM SCHOOL ,"124 W FRONT ST, FREDERICA, DE 19946"
DE,2018-11-06,county,Kent,05-33,LAKE FOREST EAST ELEM SCHOOL ,"124 W FRONT ST, FREDERICA, DE 19946"
DE,2018-11-06,county,Kent,06-33,LAKE FOREST HIGH SCHOOL ,"5407 KILLENS POND RD, FELTON, DE 19943"
DE,2018-11-06,county,Kent,07-33,HOUSTON FIRE HALL ,"143 BROAD ST, HOUSTON, DE 19954"
DE,2018-11-06,county,Kent,08-33,MILFORD HIGH SCHOOL ,"1019 N WALNUT ST, MILFORD, DE 19963"
DE,2018-11-06,county,Kent,09-33,MILFORD HIGH SCHOOL ,"1019 N WALNUT ST, MILFORD, DE 19963"
DE,2018-11-06,county,Kent,10-33,FREDERICA FIRE HALL ,"6 FRONT ST, FREDERICA, DE 19946"
DE,2018-11-06,county,Kent,01-34,W B SIMPSON ELEM SCHOOL ,"5 OLD NORTH RD, CAM-WYO, DE 19934"
DE,2018-11-06,county,Kent,02-34,NELLIE H STOKES ELEM SCHOOL ,"3874 UPPER KING RD, DOVER, DE 19904"
DE,2018-11-06,county,Kent,03-34,CAESAR RODNEY HIGH SCHOOL ,"239 OLD NORTH RD, CAM-WYO, DE 19934"
DE,2018-11-06,county,Kent,04-34,RURITAN CLUB VIOLA ,"29 RURITAN LN, VIOLA, DE 19979"
DE,2018-11-06,county,Kent,05-34,POLYTECH HIGH SCHOOL ,"823 WALNUT SHADE RD, WOODSIDE, DE 19980"
DE,2018-11-06,county,Kent,06-34,POLYTECH HIGH SCHOOL ,"823 WALNUT SHADE RD, WOODSIDE, DE 19980"
DE,2018-11-06,county,Kent,07-34,F NIEL POSTLETHWAIT SCHOOL ,"2841 S STATE ST, CAM-WYO, DE 19934"
DE,2018-11-06,county,Kent,08-34,ALLEN FREAR ELEM SCHOOL ,"238 SORGHUM MILL RD, CAM-WYO, DE 19934"
DE,2018-11-06,county,Kent,09-34,STAR HILL ELEM SCHOOL ,"594 VOSHELLS MILL STAR HILL RD, DOVER, DE 19901"
DE,2018-11-06,county,Kent,10-34,POLYTECH HIGH SCHOOL ,"823 WALNUT SHADE RD, WOODSIDE, DE 19980"
DE,2018-11-06,county,Kent,11-34,FRED FIFER MIDDLE SCHOOL ,"109 E CAM-WYO AVE, CAM-WYO, DE 19934"
DE,2018-11-06,county,Kent,12-29,STATE FIRE SCHOOL ,"1461 CHESTNUT GROVE RD, DOVER, DE 19904"
DE,2018-11-06,county,Kent,13-29,NELLIE H STOKES ELEM SCHOOL ,"3874 UPPER KING RD, DOVER, DE 19904"
DE,2018-11-06,county,Kent,01-30,WILLOW GROVE CHURCH OF GOD ,"90 HONEYSUCKLE RD, CAM-WYO, DE 19934"
DE,2018-11-06,county,Kent,02-30,RURITAN CLUB VIOLA ,"29 RURITAN LN, VIOLA, DE 19979"
DE,2018-11-06,county,Kent,03-30,FELTON FIRE HALL ,"9 E MAIN ST, FELTON, DE 19943"
DE,2018-11-06,county,Kent,04-30,FELTON FIRE HALL ,"9 E MAIN ST, FELTON, DE 19943"
DE,2018-11-06,county,Kent,05-30,LAKE FOREST HIGH SCHOOL ,"5407 KILLENS POND RD, FELTON, DE 19943"
DE,2018-11-06,county,Kent,06-30,LAKE FOREST HIGH SCHOOL ,"5407 KILLENS POND RD, FELTON, DE 19943"
DE,2018-11-06,county,Kent,07-30,HARRINGTON FIRE HALL ,"20 CLARK ST, HARRINGTON, DE 19952"
DE,2018-11-06,county,Kent,08-30,HARRINGTON FIRE HALL ,"20 CLARK ST, HARRINGTON, DE 19952"
DE,2018-11-06,county,Kent,09-30,HARRINGTON FIRE HALL ,"20 CLARK ST, HARRINGTON, DE 19952"
DE,2018-11-06,county,Kent,10-30,HOUSTON FIRE HALL ,"143 BROAD ST, HOUSTON, DE 19954"
DE,2018-11-06,county,Kent,11-30,FARMINGTON FIRE HALL ,"20920 S DUPONT HWY, FARMINGTON, DE 19950"
DE,2018-11-06,county,Kent,12-30,FARMINGTON FIRE HALL ,"20920 S DUPONT HWY, FARMINGTON, DE 19950"
DE,2018-11-06,county,Kent,01-31,DEL TECH CORP TRAINING CNTR ,"400 CAMPUS DR, DOVER, DE 19904"
DE,2018-11-06,county,Kent,02-31,STATE FIRE SCHOOL ,"1461 CHESTNUT GROVE RD, DOVER, DE 19904"
DE,2018-11-06,county,Kent,03-31,BPOE #1903 ELKS ,"200 S SAULSBURY RD, DOVER, DE 19904"
DE,2018-11-06,county,Kent,04-31,NORTH DOVER ELEM SCHOOL ,"855 COLLEGE RD, DOVER, DE 19904"
DE,2018-11-06,county,Kent,05-31,BPOE #1903 ELKS ,"200 S SAULSBURY RD, DOVER, DE 19904"
DE,2018-11-06,county,Kent,06-31,WILLIAM HENRY MIDDLE SCHOOL ,"65 CARVER RD, DOVER, DE 19904"
DE,2018-11-06,county,Kent,07-31,JOHN W PITTS REC CENTER ,"10 ELECTRIC AVE, DOVER, DE 19904"
DE,2018-11-06,county,Kent,08-31,BPOE #1903 ELKS ,"200 S SAULSBURY RD, DOVER, DE 19904"
DE,2018-11-06,county,Kent,09-31,FAIRVIEW ELEM SCHOOL ,"700 WALKER RD, DOVER, DE 19904"
DE,2018-11-06,county,Kent,10-31,SOUTH DOVER ELEM SCHOOL ,"955 S STATE ST, DOVER, DE 19901"
DE,2018-11-06,county,Kent,11-31,JOHN W PITTS REC CENTER ,"10 ELECTRIC AVE, DOVER, DE 19904"
DE,2018-11-06,county,Kent,01-32,EAST DOVER ELEM SCHOOL ,"852 S LITTLE CREEK RD, DOVER, DE 19901"
DE,2018-11-06,county,Kent,02-32,SOUTH DOVER ELEM SCHOOL ,"955 S STATE ST, DOVER, DE 19901"
DE,2018-11-06,county,Kent,03-32,W REILY BROWN ELEM SCHOOL ,"360 WEBBS LN, DOVER, DE 19901"
DE,2018-11-06,county,Kent,04-32,W B SIMPSON ELEM SCHOOL ,"5 OLD NORTH RD, CAM-WYO, DE 19934"
DE,2018-11-06,county,Kent,05-32,W REILY BROWN ELEM SCHOOL ,"360 WEBBS LN, DOVER, DE 19901"
DE,2018-11-06,county,Kent,05-11,KENTON SCHOOL ,"265 S MAIN ST, KENTON, DE 19955"
DE,2018-11-06,county,Kent,06-11,HARTLY FIRE HALL ,"2898 ARTHURSVILLE RD, HARTLY, DE 19953"
DE,2018-11-06,county,Kent,07-11,KENTON RURITAN CLUB ,"249 S MAIN ST, KENTON, DE 19955"
DE,2018-11-06,county,Kent,08-11,HARTLY FIRE HALL ,"2898 ARTHURSVILLE RD, HARTLY, DE 19953"
DE,2018-11-06,county,Kent,09-11,MARYDEL FIRE HALL ,"110 FIREHOUSE LN, MARYDEL, DE 19964"
DE,2018-11-06,county,Kent,10-11,FRED FIFER MIDDLE SCHOOL ,"109 E CAM-WYO AVE, CAM-WYO, DE 19934"
DE,2018-11-06,county,Kent,01-28,SMYRNA MIDDLE SCHOOL ,"700 DUCK CREEK PKWY, SMYRNA, DE 19977"
DE,2018-11-06,county,Kent,02-28,LEVIN CENTER ,"27 N MAIN ST, SMYRNA, DE 19977"
DE,2018-11-06,county,Kent,03-28,CITIZENS HOSE FIRE CO 1 ,"103 W COMMERCE ST, SMYRNA, DE 19977"
DE,2018-11-06,county,Kent,04-28,SUNNYSIDE ELEM SCHOOL ,"123 RABBIT CHASE LN, SMYRNA, DE 19977"
DE,2018-11-06,county,Kent,05-28,SUNNYSIDE ELEM SCHOOL ,"123 RABBIT CHASE LN, SMYRNA, DE 19977"
DE,2018-11-06,county,Kent,06-28,CITIZENS HOSE FIRE CO 1 ,"103 W COMMERCE ST, SMYRNA, DE 19977"
DE,2018-11-06,county,Kent,07-28,LEIPSIC FIRE HALL ,"318 MAIN ST, DOVER, DE 19901"
DE,2018-11-06,county,Kent,08-28,LEIPSIC FIRE HALL ,"318 MAIN ST, DOVER, DE 19901"
DE,2018-11-06,county,Kent,09-28,DEL TECH CORP TRAINING CENTER ,"400 CAMPUS DR, DOVER, DE 19904"
DE,2018-11-06,county,Kent,10-28,TOWNE POINT ELEM SCHOOL ,"629 BUCKSON DR, DOVER, DE 19901"
DE,2018-11-06,county,Kent,11-28,LITTLE CREEK FIRE HALL ,"311 MAIN ST, LITTLE CREEK, DE 19961"
DE,2018-11-06,county,Kent,12-28,SUNNYSIDE ELEM SCHOOL ,"123 RABBIT CHASE LN, SMYRNA, DE 19977"
DE,2018-11-06,county,Kent,13-28,LEIPSIC FIRE HALL ,"318 MAIN ST, DOVER, DE 19901"
DE,2018-11-06,county,Kent,14-28,LEIPSIC FIRE HALL ,"318 MAIN ST, DOVER, DE 19901"
DE,2018-11-06,county,Kent,01-29,CLAYTON FIRE HALL ,"300 EAST ST, CLAYTON, DE 19938"
DE,2018-11-06,county,Kent,02-29,CLAYTON FIRE HALL ,"300 EAST ST, CLAYTON, DE 19938"
DE,2018-11-06,county,Kent,03-29,CHESWOLD FIRE HALL ,"371 MAIN ST, CHESWOLD, DE 19936"
DE,2018-11-06,county,Kent,04-29,CHESWOLD FIRE HALL ,"371 MAIN ST, CHESWOLD, DE 19936"
DE,2018-11-06,county,Kent,05-29,CHESWOLD FIRE HALL ,"371 MAIN ST, CHESWOLD, DE 19936"
DE,2018-11-06,county,Kent,06-29,CHESWOLD FIRE HALL ,"371 MAIN ST, CHESWOLD, DE 19936"
DE,2018-11-06,county,Kent,07-29,DEL TECH CORP TRAINING CNTR ,"400 CAMPUS DR, DOVER, DE 19904"
DE,2018-11-06,county,Kent,08-29,STATE FIRE SCHOOL ,"1461 CHESTNUT GROVE RD, DOVER, DE 19904"
DE,2018-11-06,county,Kent,09-29,FRED FIFER MIDDLE SCHOOL ,"109 E CAM-WYO AVE, CAM-WYO, DE 19934"
DE,2018-11-06,county,Kent,10-29,FRED FIFER MIDDLE SCHOOL ,"109 E CAM-WYO AVE, CAM-WYO, DE 19934"
DE,2018-11-06,county,Kent,11-29,STATE FIRE SCHOOL ,"1461 CHESTNUT GROVE RD, DOVER, DE 19904"
DE,2018-11-06,county,Sussex,06-40,DELMAR FIRE HALL ,"GROVE & BI-STATE BLVD, DELMAR, DE 19940"
DE,2018-11-06,county,Sussex,07-40,DELMAR HIGH SCHOOL ,"200 N. EIGHTH ST, DELMAR, DE 19940"
DE,2018-11-06,county,Sussex,08-40,DOT TRANSPORTATION BLDG ,"23697 DUPONT HWY, GEORGETOWN, DE 19947"
DE,2018-11-06,county,Sussex,01-41,GUMBORO FIRE HALL ,"37030 MILLSBORO HWY, MILLSBORO, DE 19966"
DE,2018-11-06,county,Sussex,02-41,E. MILLSBORO ELEMENTARY SCHOOL ,"29346 IRON BRANCH RD, MILLSBORO, DE 19966"
DE,2018-11-06,county,Sussex,03-41,FRANKFORD FIRE HALL ,"7 MAIN ST, FRANKFORD, DE 19945"
DE,2018-11-06,county,Sussex,04-41,DAGSBORO FIRE HALL ,"28331 CLAYTON ST, DAGSBORO, DE 19939"
DE,2018-11-06,county,Sussex,05-41,MILLSBORO FIRE HALL ,"109 E. STATE ST, MILLSBORO, DE 19966"
DE,2018-11-06,county,Sussex,06-41,MILLSBORO TOWN CENTER ,"322 WILSON HWY, MILLSBORO, DE 19966"
DE,2018-11-06,county,Sussex,07-41,SELBYVILLE FIRE HALL ,"30 N. MAIN ST, SELBYVILLE, DE 19975"
DE,2018-11-06,county,Sussex,08-41,SUSSEX CENTRAL HIGH SCHOOL ,"26026 PATRIOTS WAY, GEORGETOWN, DE 19947"
DE,2018-11-06,county,Sussex,16-41,DEPARTMENT OF ELECTIONS SUSSEX (VIRT) ,"119 N RACE STREET, GEORGETOWN, DE 19947"
DE,2018-11-06,county,Sussex,08-36,DEL TECH JASON BLDG ,"21179 COLLEGE DR, GEORGETOWN, DE 19947"
DE,2018-11-06,county,Sussex,09-36,GEORGETOWN MIDDLE SCHOOL ,"301 W MARKET ST, GEORGETOWN, DE 19947"
DE,2018-11-06,county,Sussex,10-36,MEMORIAL VOL FIRE CO ,"8009 SLAUGHTER BEACH RD, MILFORD, DE 19963"
DE,2018-11-06,county,Sussex,11-36,DEL TECH JASON BLDG ,"21179 COLLEGE DR, GEORGETOWN, DE 19947"
DE,2018-11-06,county,Sussex,01-37,N. GEORGETOWN ELEMENTARY SCHOOL ,"664 N. BEDFORD ST, GEORGETOWN, DE 19947"
DE,2018-11-06,county,Sussex,02-37,GEORGETOWN ELEMENTARY SCHOOL ,"SUSSEX CENTRAL DR, GEORGETOWN, DE 19947"
DE,2018-11-06,county,Sussex,03-37,ZOAR CHURCH HALL ,"24463 GRAVEL HILL RD, MILLSBORO, DE 19966"
DE,2018-11-06,county,Sussex,04-37,LONG NECK ELEMENTARY SCHOOL ,"26064 SCHOOL RD, MILLSBORO, DE 19966"
DE,2018-11-06,county,Sussex,05-37,INDIAN RIVER FIRE HALL ,"32628 OAK ORCHARD RD, MILLSBORO, DE 19966"
DE,2018-11-06,county,Sussex,06-37,MID SUSSEX RESCUE SQUAD ,"31738 INDIAN MISSION RD, MILLSBORO, DE 19966"
DE,2018-11-06,county,Sussex,07-37,INDIAN RIVER FIRE CO. SUB STATION ,"25375 BANKS RD, MILLSBORO, DE 19966"
DE,2018-11-06,county,Sussex,01-38,INDIAN RIVER HIGH SCHOOL ,"29772 ARMORY RD, DAGSBORO, DE 19939"
DE,2018-11-06,county,Sussex,02-38,MILLVILLE FIRE HALL ,"35554 ATLANTIC AVE, MILLVILLE, DE 19967"
DE,2018-11-06,county,Sussex,03-38,LORD BALTIMORE ELEMENTARY SCHOOL ,"120 ATLANTIC AVE, OCEAN VIEW, DE 19970"
DE,2018-11-06,county,Sussex,04-38,BETHANY BEACH FIRE HALL ,"215 HOLLYWOOD ST, BETHANY BEACH, DE 19930"
DE,2018-11-06,county,Sussex,05-38,FENWICK ISLAND TOWN HALL ,"800 COASTAL HWY, FENWICK ISLAND, DE 19944"
DE,2018-11-06,county,Sussex,06-38,ROXANA FIRE HALL ,"35943 ZION CHURCH RD, FRANKFORD, DE 19945"
DE,2018-11-06,county,Sussex,07-38,ROXANA FIRE HALL ,"35943 ZION CHURCH RD, FRANKFORD, DE 19945"
DE,2018-11-06,county,Sussex,08-38,SELBYVILLE MIDDLE SCHOOL ,"80 BETHANY RD, SELBYVILLE, DE 19975"
DE,2018-11-06,county,Sussex,01-39,SEAFORD MIDDLE SCHOOL ,"500 E. STEIN HWY, SEAFORD, DE 19973"
DE,2018-11-06,county,Sussex,02-39,SEAFORD SENIOR HIGH SCHOOL ,"399 N. MARKET ST, SEAFORD, DE 19973"
DE,2018-11-06,county,Sussex,03-39,SEAFORD SENIOR HIGH SCHOOL ,"399 N. MARKET ST, SEAFORD, DE 19973"
DE,2018-11-06,county,Sussex,04-39,SEAFORD CITY HALL ,"414 HIGH ST, SEAFORD, DE 19973"
DE,2018-11-06,county,Sussex,05-39,WEST SEAFORD ELEMENTARY SCHOOL ,"511 SUSSEX AVE, SEAFORD, DE 19973"
DE,2018-11-06,county,Sussex,06-39,BLADES FIRE HALL ,"200 E. FIFTH ST, SEAFORD, DE 19973"
DE,2018-11-06,county,Sussex,07-39,BLADES ELEMENTARY SCHOOL ,"900 S. ARCH ST, BLADES, DE 19973"
DE,2018-11-06,county,Sussex,01-40,N. LAUREL EARLY LEARNING ACAD ,"300 WILSON ST, LAUREL, DE 19956"
DE,2018-11-06,county,Sussex,02-40,LAUREL MIDDLE SCHOOL ,"1131 S. CENTRAL AVE, LAUREL, DE 19956"
DE,2018-11-06,county,Sussex,03-40,LAUREL FIRE HALL ,"205 W. 10TH ST, LAUREL, DE 19956"
DE,2018-11-06,county,Sussex,04-40,LAUREL HIGH SCHOOL ,"1133 S. CENTRAL AVE, LAUREL, DE 19956"
DE,2018-11-06,county,Sussex,05-40,LAUREL HIGH SCHOOL ,"1133 S. CENTRAL AVE, LAUREL, DE 19956"
DE,2018-11-06,county,Sussex,01-14,LEWES FIRE HALL ,"347 SAVANNAH RD, LEWES, DE 19958"
DE,2018-11-06,county,Sussex,02-14,CAPE HENLOPEN HIGH SCHOOL ,"1250 KINGS HWY, LEWES, DE 19958"
DE,2018-11-06,county,Sussex,03-14,REHOBOTH FIRE HALL ,"219 REHOBOTH AVE, REHOBOTH, DE 19971"
DE,2018-11-06,county,Sussex,04-14,BEACON MIDDLE SCHOOL ,"19483 JOHN J. WILLIAMS HWY, LEWES, DE 19958"
DE,2018-11-06,county,Sussex,05-14,LEWES-REHOBOTH FIRE STA. NO.3 ,"21194 JOHN J. WILLIAMS HWY, LEWES, DE 19958"
DE,2018-11-06,county,Sussex,06-14,REHOBOTH FIRE CO. STA. NO. 2 ,"36027 AIRPORT RD, REHOBOTH, DE 19971"
DE,2018-11-06,county,Sussex,07-14,REHOBOTH ELEMENTARY SCHOOL ,"500 STOCKLEY ST, REHOBOTH, DE 19971"
DE,2018-11-06,county,Sussex,01-20,MILTON ELEMENTARY SCHOOL ,"512 FEDERAL ST, MILTON, DE 19968"
DE,2018-11-06,county,Sussex,02-20,MARINER MIDDLE SCHOOL ,"16391 HARBESON RD, MILTON, DE 19968"
DE,2018-11-06,county,Sussex,03-20,H.O. BRITTINGHAM SCHOOL ,"400 MULBERRY ST, MILTON, DE 19968"
DE,2018-11-06,county,Sussex,04-20,COOL SPRING PRES CHURCH HALL ,"28842 LOG CABIN HILL RD, LEWES, DE 19958"
DE,2018-11-06,county,Sussex,05-20,SHIELDS ELEMENTARY SCHOOL ,"910 SHIELDS AVE, LEWES, DE 19958"
DE,2018-11-06,county,Sussex,06-20,CAPE HENLOPEN HIGH SCHOOL ,"1250 KINGS HWY, LEWES, DE 19958"
DE,2018-11-06,county,Sussex,07-20,LEWES SCHOOL ,"820 SAVANNAH RD, LEWES, DE 19958"
DE,2018-11-06,county,Sussex,08-20,HARBESON CHURCH HALL ,"18636 HARBESON RD, HARBESON, DE 19951"
DE,2018-11-06,county,Sussex,09-20,MILTON FIRE HALL ,"116 FRONT ST, MILTON, DE 19968"
DE,2018-11-06,county,Sussex,10-20,BEACON MIDDLE SCHOOL ,"19483 JOHN J. WILLIAMS HWY, LEWES, DE 19958"
DE,2018-11-06,county,Sussex,01-35,GREENWOOD FIRE HALL ,"12611 SUSSEX HWY, GREENWOOD, DE 19950"
DE,2018-11-06,county,Sussex,02-35,BRIDGEVILLE FIRE HALL ,"315 MARKET ST, BRIDGEVILLE, DE 19933"
DE,2018-11-06,county,Sussex,03-35,WOODBRIDGE MIDDLE SCHOOL ,"307 S LAWS ST, BRIDGEVILLE, DE 19933"
DE,2018-11-06,county,Sussex,04-35,DEL TECH CARTER PARTNER CENTER ,"21179 COLLEGE DR, GEORGETOWN, DE 19947"
DE,2018-11-06,county,Sussex,05-35,SUSSEX TECH HIGH SCHOOL ,"17099 COUNTY SEAT HWY, GEORGETOWN, DE 19947"
DE,2018-11-06,county,Sussex,06-35,REDDEN COMMUNITY HALL ,"18192 REDDEN RD, GEORGETOWN, DE 19947"
DE,2018-11-06,county,Sussex,07-35,ELLENDALE FIRE HALL ,"302 MAIN ST, ELLENDALE, DE 19941"
DE,2018-11-06,county,Sussex,01-36,LULU ROSS ELEMENTARY SCHOOL ,"310 LOVERS LN, MILFORD, DE 19963"
DE,2018-11-06,county,Sussex,02-36,MISPILLION ELEMENTARY SCHOOL ,"311 LOVERS LN, MILFORD, DE 19963"
DE,2018-11-06,county,Sussex,03-36,LULU ROSS ELEMENTARY SCHOOL ,"310 LOVERS LN, MILFORD, DE 19963"
DE,2018-11-06,county,Sussex,04-36,MORRIS EARLY LEARNING CENTER ,"8609 THIRD ST, LINCOLN, DE 19960"
DE,2018-11-06,county,Sussex,05-36,MEMORIAL VOL FIRE CO ,"8009 SLAUGHTER BEACH RD, MILFORD, DE 19963"
DE,2018-11-06,county,Sussex,06-36,ELLENDALE FIRE HALL ,"302 MAIN ST, ELLENDALE, DE 19941"
DE,2018-11-06,county,Sussex,07-36,SLAUGHTERNECK EDUCATIONAL & COMMUNITY CENTER ,"22942 SLAUGHTER NECK RD, LINCOLN, DE 19960"
DE,2018-11-06,county,New Castle,01-01,P S DUPONT MIDDLE SCHOOL,"701 W 34TH ST, WILMINGTON, DE 19802"
DE,2018-11-06,county,New Castle,02-01,HARLAN ELEMENTARY SCHOOL,"3601 N JEFFERSON ST, WILMINGTON, DE 19802"
DE,2018-11-06,county,New Castle,03-01,P S DUPONT MIDDLE SCHOOL,"701 W 34TH ST, WILMINGTON, DE 19802"
DE,2018-11-06,county,New Castle,04-01,SHORTLIDGE ACADEMY,"100 W 18TH ST, WILMINGTON, DE 19802"
DE,2018-11-06,county,New Castle,05-01,THE PARK VIEW,"1800 N BROOM ST, WILMINGTON, DE 19802"
DE,2018-11-06,county,New Castle,06-01,BAYNARD APARTMENTS,"309 W 18TH ST, WILMINGTON, DE 19802"
DE,2018-11-06,county,New Castle,07-01,WILMINGTON SENIOR CENTER,"1901 N MARKET ST, WILMINGTON, DE 19802"
DE,2018-11-06,county,New Castle,08-01,DEPARTMENT OF LABOR,"4425 N MARKET ST, WILMINGTON, DE 19802"
DE,2018-11-06,county,New Castle,09-01,MUSIC SCHOOL OF DELAWARE,"4101 N WASHINGTON ST, WILMINGTON, DE 19802"
DE,2018-11-06,county,New Castle,10-01,CRESTVIEW APARTMENTS,"2700 N MARKET ST, WILMINGTON, DE 19802"
DE,2018-11-06,county,New Castle,11-01,P S DUPONT MIDDLE SCHOOL,"701 W 34TH ST, WILMINGTON, DE 19802"
DE,2018-11-06,county,New Castle,12-01,PAL OF WILMINGTON,"3707 N MARKET ST, WILMINGTON, DE 19802"
DE,2018-11-06,county,New Castle,13-01,DEPARTMENT OF LABOR,"4425 N MARKET ST, WILMINGTON, DE 19802"
DE,2018-11-06,county,New Castle,14-01,MT PLEASANT HIGH SCHOOL,"5201 N WASHINGTON ST EXT, WILMINGTON, DE 19809"
DE,2018-11-06,county,New Castle,01-02,BANCROFT ELEMENTARY SCHOOL,"700 N LOMBARD ST, WILMINGTON, DE 19801"
DE,2018-11-06,county,New Castle,02-02,EAST SIDE CHARTER SCHOOL,"3000 N CLAYMONT ST, WILMINGTON, DE 19802"
DE,2018-11-06,county,New Castle,03-02,STUBBS ELEMENTARY SCHOOL,"1100 N PINE ST, WILMINGTON, DE 19801"
DE,2018-11-06,county,New Castle,04-02,LUTHER TOWERS - I,"1201 N HARRISON ST, WILMINGTON, DE 19806"
DE,2018-11-06,county,New Castle,05-02,PULASKI ELEMENTARY SCHOOL,"1300 CEDAR ST, WILMINGTON, DE 19805"
DE,2018-11-06,county,New Castle,06-02,CARVEL STATE OFFICE BUILDING,"820 N FRENCH ST, WILMINGTON, DE 19801"
DE,2018-11-06,county,New Castle,07-02,RICHARDSON PARK ELEM SCHOOL,"16 IDELLA AVE, WILMINGTON, DE 19804"
DE,2018-11-06,county,New Castle,08-02,STUBBS ELEMENTARY SCHOOL,"1100 N PINE ST, WILMINGTON, DE 19801"
DE,2018-11-06,county,New Castle,09-02,RICHARDSON PARK ELEM SCHOOL,"16 IDELLA AVE, WILMINGTON, DE 19804"
DE,2018-11-06,county,New Castle,10-02,DE TECH & COMM COLLEGE - WILM,"300 N ORANGE ST, WILMINGTON, DE 19801"
DE,2018-11-06,county,New Castle,11-02,THOMAS EDISON CHARTER SCHOOL,"2200 N LOCUST ST, WILMINGTON, DE 19802"
DE,2018-11-06,county,New Castle,12-02,KINGSWOOD COMMUNITY CENTER,"2300 BOWERS ST, WILMINGTON, DE 19802"
DE,2018-11-06,county,New Castle,01-03,HILLTOP LUTHERAN NEIGHBORHOOD,"1018 W 6TH ST, WILMINGTON, DE 19805"
DE,2018-11-06,county,New Castle,02-03,UNITY LUTHERAN CHURCH,"2101 LANCASTER AVE, WILMINGTON, DE 19805"
DE,2018-11-06,county,New Castle,03-03,CAB CALLOWAY SCHOOL OF ARTS,"100 N DUPONT RD, WILMINGTON, DE 19807"
DE,2018-11-06,county,New Castle,04-03,QUAKER HILL PLACE APARTMENTS,"200 N WASHINGTON ST, WILMINGTON, DE 19801"
DE,2018-11-06,county,New Castle,05-03,QUAKER HILL PLACE APARTMENTS,"200 N WASHINGTON ST, WILMINGTON, DE 19801"
DE,2018-11-06,county,New Castle,06-03,HILLTOP LUTHERAN NEIGHBORHOOD,"1018 W 6TH ST, WILMINGTON, DE 19805"
DE,2018-11-06,county,New Castle,07-03,CLAYMORE SENIOR CENTER,"504 S CLAYTON ST, WILMINGTON, DE 19805"
DE,2018-11-06,county,New Castle,08-03,BAYARD MIDDLE SCHOOL,"200 S DUPONT ST, WILMINGTON, DE 19805"
DE,2018-11-06,county,New Castle,09-03,BAYARD MIDDLE SCHOOL,"200 S DUPONT ST, WILMINGTON, DE 19805"
DE,2018-11-06,county,New Castle,10-03,CAB CALLOWAY SCHOOL OF ARTS,"100 N DUPONT RD, WILMINGTON, DE 19807"
DE,2018-11-06,county,New Castle,01-04,HIGHLANDS ELEMENTARY SCHOOL,"2100 GILPIN AVE, WILMINGTON, DE 19806"
DE,2018-11-06,county,New Castle,02-04,DELAWARE ART MUSEUM,"2301 KENTMERE PKWY, WILMINGTON, DE 19806"
DE,2018-11-06,county,New Castle,03-04,IMMANUEL CHURCH HIGHLANDS,"2400 W 17TH ST, WILMINGTON, DE 19806"
DE,2018-11-06,county,New Castle,04-04,LUTHER TOWERS - I,"1201 N HARRISON ST, WILMINGTON, DE 19806"
DE,2018-11-06,county,New Castle,05-04,CAB CALLOWAY SCHOOL OF ARTS,"100 N DUPONT RD, WILMINGTON, DE 19807"
DE,2018-11-06,county,New Castle,06-04,LINCOLN TOWERS,"1800 N DUPONT ST, WILMINGTON, DE 19806"
DE,2018-11-06,county,New Castle,07-04,WESTMINSTER PRESBY CHURCH,"1502 W 13TH ST, WILMINGTON, DE 19806"
DE,2018-11-06,county,New Castle,08-04,ST CATHERINE OF SIENA CHURCH,"2501 CENTERVILLE RD, WILMINGTON, DE 19808"
DE,2018-11-06,county,New Castle,09-04,HOLY TRINITY GREEK ORTHODOX CH,"808 N BROOM ST, WILMINGTON, DE 19806"
DE,2018-11-06,county,New Castle,10-04,WOODLAWN LIBRARY,"2020 W 9TH ST, WILMINGTON, DE 19805"
DE,2018-11-06,county,New Castle,11-04,CAB CALLOWAY SCHOOL OF ARTS,"100 N DUPONT RD, WILMINGTON, DE 19807"
DE,2018-11-06,county,New Castle,12-04,MCKEAN HIGH SCHOOL,"301 MCKENNANS CHURCH RD, WILMINGTON, DE 19808"
DE,2018-11-06,county,New Castle,13-04,HOLY TRINITY GREEK ORTHODOX CH,"808 N BROOM ST, WILMINGTON, DE 19806"
DE,2018-11-06,county,New Castle,14-04,WOODLAWN LIBRARY,"2020 W 9TH ST, WILMINGTON, DE 19805"
DE,2018-11-06,county,New Castle,15-04,TATNALL SCHOOL,"1501 BARLEY MILL RD, WILMINGTON, DE 19807"
DE,2018-11-06,county,New Castle,16-04,WOODLAWN LIBRARY,"2020 W 9TH ST, WILMINGTON, DE 19805"
DE,2018-11-06,county,New Castle,01-05,BUENA VISTA CONFERENCE CENTER,"661 S DUPONT HWY, NEW CASTLE, DE 19720"
DE,2018-11-06,county,New Castle,02-05,PLEASANTVILLE ELEM SCHOOL,"16 PLEASANT PL, NEW CASTLE, DE 19720"
DE,2018-11-06,county,New Castle,03-05,PLEASANTVILLE ELEM SCHOOL,"16 PLEASANT PL, NEW CASTLE, DE 19720"
DE,2018-11-06,county,New Castle,04-05,BEAR LIBRARY,"101 GOVERNORS PL, BEAR, DE 19701"
DE,2018-11-06,county,New Castle,05-05,BEAR LIBRARY,"101 GOVERNORS PL, BEAR, DE 19701"
DE,2018-11-06,county,New Castle,06-05,LEASURE ELEMENTARY SCHOOL,"1015 CHURCH RD, NEWARK, DE 19702"
DE,2018-11-06,county,New Castle,07-05,EDEN SUPPORT SERVICES,"925 BEAR CORBITT RD, BEAR, DE 19701"
DE,2018-11-06,county,New Castle,08-05,RED LION UNITED METH CHURCH,"1545 CHURCH RD, BEAR, DE 19701"
DE,2018-11-06,county,New Castle,09-05,VICTORY CHRISTIAN FELLOWSHIP,"100 WILTON BLVD, NEW CASTLE, DE 19720"
DE,2018-11-06,county,New Castle,10-05,VICTORY CHRISTIAN FELLOWSHIP,"100 WILTON BLVD, NEW CASTLE, DE 19720"
DE,2018-11-06,county,New Castle,01-06,MT PLEASANT ELEMENTARY SCHOOL,"500 DUNCAN RD, WILMINGTON, DE 19809"
DE,2018-11-06,county,New Castle,02-06,LOMBARDY ELEMENTARY SCHOOL,"412 FOULK RD, WILMINGTON, DE 19803"
DE,2018-11-06,county,New Castle,03-06,LOMBARDY ELEMENTARY SCHOOL,"412 FOULK RD, WILMINGTON, DE 19803"
DE,2018-11-06,county,New Castle,04-06,HILLCREST-BELLEFONTE METH CH,"400 HILLCREST AVE, WILMINGTON, DE 19809"
DE,2018-11-06,county,New Castle,05-06,BRANDYWINE HUNDRED FIRE CO #1,"1006 BRANDYWINE BLVD, WILMINGTON, DE 19809"
DE,2018-11-06,county,New Castle,06-06,BRANDYWINE HUNDRED FIRE CO #1,"1006 BRANDYWINE BLVD, WILMINGTON, DE 19809"
DE,2018-11-06,county,New Castle,07-06,MARY CAMPBELL CENTER,"4641 WELDIN RD, WILMINGTON, DE 19803"
DE,2018-11-06,county,New Castle,08-06,MT PLEASANT ELEMENTARY SCHOOL,"500 DUNCAN RD, WILMINGTON, DE 19809"
DE,2018-11-06,county,New Castle,09-06,CARRCROFT ELEMENTARY SCHOOL,"503 CREST RD, WILMINGTON, DE 19803"
DE,2018-11-06,county,New Castle,10-06,BRANDYWINE HIGH SCHOOL,"1400 FOULK RD, WILMINGTON, DE 19803"
DE,2018-11-06,county,New Castle,11-06,LUTHERAN CHURCH/GOOD SHEPHERD,"1530 FOULK RD, WILMINGTON, DE 19803"
DE,2018-11-06,county,New Castle,12-06,EMMANUEL PRESBYTERIAN CHURCH,"1006 WILSON RD, WILMINGTON, DE 19803"
DE,2018-11-06,county,New Castle,01-07,MAPLE LANE ELEMENTARY SCHOOL,"100 MAPLE LN, CLAYMONT, DE 19703"
DE,2018-11-06,county,New Castle,02-07,FORWOOD ELEMENTARY SCHOOL,"1900 WESTMINSTER DR, WILMINGTON, DE 19810"
DE,2018-11-06,county,New Castle,03-07,FORWOOD ELEMENTARY SCHOOL,"1900 WESTMINSTER DR, WILMINGTON, DE 19810"
DE,2018-11-06,county,New Castle,04-07,CLAYMONT ELEMENTARY SCHOOL,"3401 GREEN ST, CLAYMONT, DE 19703"
DE,2018-11-06,county,New Castle,05-07,GILD HALL - ARDEN CLUB,"2126 THE HIGHWAY, WILMINGTON, DE 19810"
DE,2018-11-06,county,New Castle,06-07,TRINITY PRESBYTERIAN CHURCH,"1120 DARLEY RD, WILMINGTON, DE 19810"
DE,2018-11-06,county,New Castle,07-07,CLAYMONT BOYS & GIRLS CLUB,"500 DARLEY RD, CLAYMONT, DE 19703"
DE,2018-11-06,county,New Castle,08-07,LANCASHIRE ELEMENTARY SCHOOL,"2000 NAAMANS RD, WILMINGTON, DE 19810"
DE,2018-11-06,county,New Castle,09-07,MAPLE LANE ELEMENTARY SCHOOL,"100 MAPLE LN, CLAYMONT, DE 19703"
DE,2018-11-06,county,New Castle,10-07,RIVER CLUB APARTMENTS,"7807 GOVERNOR PRINTZ BLVD, CLAYMONT, DE 19703"
DE,2018-11-06,county,New Castle,01-08,BUNKER HILL ELEMENTARY SCHOOL,"1070 BUNKER HILL RD, MIDDLETOWN, DE 19709"
DE,2018-11-06,county,New Castle,02-08,APPOQUINIMINK HIGH SCHOOL,"1080 BUNKER HILL RD, MIDDLETOWN, DE 19709"
DE,2018-11-06,county,New Castle,03-08,APPOQUINIMINK ACTIVITY CENTER,"651 N BROAD ST, MIDDLETOWN, DE 19709"
DE,2018-11-06,county,New Castle,04-08,REDDING MIDDLE SCHOOL,"201 NEW ST, MIDDLETOWN, DE 19709"
DE,2018-11-06,county,New Castle,05-08,MIDDLETOWN HIGH SCHOOL,"120 SILVER LAKE RD, MIDDLETOWN, DE 19709"
DE,2018-11-06,county,New Castle,06-08,MEREDITH MIDDLE SCHOOL,"504 S BROAD ST, MIDDLETOWN, DE 19709"
DE,2018-11-06,county,New Castle,07-08,WATERS MIDDLE SCHOOL,"1235 CEDAR LANE RD, MIDDLETOWN, DE 19709"
DE,2018-11-06,county,New Castle,08-08,BUNKER HILL ELEMENTARY SCHOOL,"1070 BUNKER HILL RD, MIDDLETOWN, DE 19709"
DE,2018-11-06,county,New Castle,09-08,WATERS MIDDLE SCHOOL,"1235 CEDAR LANE RD, MIDDLETOWN, DE 19709"
DE,2018-11-06,county,New Castle,10-08,SILVER LAKE ELEMENTARY SCHOOL,"200 E COCHRAN ST, MIDDLETOWN, DE 19709"
DE,2018-11-06,county,New Castle,01-09,PORT PENN FIRE COMPANY,"26 W MARKET ST, PORT PENN, DE 19731"
DE,2018-11-06,county,New Castle,02-09,OLD STATE ELEMENTARY SCHOOL,"580 TONY MARCHIO DR, TOWNSEND, DE 19734"
DE,2018-11-06,county,New Castle,03-09,SPRING MEADOW EARLY CHILD CTR,"611 CAMPUS DR, TOWNSEND, DE 19734"
DE,2018-11-06,county,New Castle,04-09,BRICK MILL ELEMENTARY SCHOOL,"378 BRICK MILL RD, MIDDLETOWN, DE 19709"
DE,2018-11-06,county,New Castle,05-09,MARION PROFFITT TRAINING CTR,"118 S SIXTH ST, ODESSA, DE 19730"
DE,2018-11-06,county,New Castle,06-09,MOT CHARTER HIGH SCHOOL,"1275 CEDAR LANE RD, MIDDLETOWN, DE 19709"
DE,2018-11-06,county,New Castle,07-09,CEDAR LANE ELEMENTARY SCHOOL,"1259 CEDAR LANE RD, MIDDLETOWN, DE 19709"
DE,2018-11-06,county,New Castle,08-09,ST GEORGES TECHNICAL HIGH SCHL,"555 HYETTS CORNER RD, MIDDLETOWN, DE 19709"
DE,2018-11-06,county,New Castle,09-09,SMYRNA REST AREA,"5500 DUPONT PKY, SMYRNA, DE 19977"
DE,2018-11-06,county,New Castle,10-09,OLD STATE ELEMENTARY SCHOOL,"580 TONY MARCHIO DR, TOWNSEND, DE 19734"
DE,2018-11-06,county,New Castle,11-09,CROSSROADS PRESBYTERIAN CHURCH,"627 VANCE NECK RD, MIDDLETOWN, DE 19709"
DE,2018-11-06,county,New Castle,12-09,ST GEORGES TECHNICAL HIGH SCHL,"555 HYETTS CORNER RD, MIDDLETOWN, DE 19709"
DE,2018-11-06,county,New Castle,13-09,ST GEORGES TECHNICAL HIGH SCHL,"555 HYETTS CORNER RD, MIDDLETOWN, DE 19709"
DE,2018-11-06,county,New Castle,01-10,CONCORD HIGH SCHOOL,"2501 EBRIGHT RD, WILMINGTON, DE 19810"
DE,2018-11-06,county,New Castle,02-10,SPRINGER MIDDLE SCHOOL,"2220 SHIPLEY RD, WILMINGTON, DE 19803"
DE,2018-11-06,county,New Castle,03-10,CONCORD HIGH SCHOOL,"2501 EBRIGHT RD, WILMINGTON, DE 19810"
DE,2018-11-06,county,New Castle,04-10,TALLEY MIDDLE SCHOOL,"1110 CYPRESS RD, WILMINGTON, DE 19810"
DE,2018-11-06,county,New Castle,05-10,HANBY ELEMENTARY SCHOOL,"2523 BERWYN RD, WILMINGTON, DE 19810"
DE,2018-11-06,county,New Castle,06-10,HANBY ELEMENTARY SCHOOL,"2523 BERWYN RD, WILMINGTON, DE 19810"
DE,2018-11-06,county,New Castle,07-10,SHIPLEY MANOR,"2723 SHIPLEY RD, WILMINGTON, DE 19810"
DE,2018-11-06,county,New Castle,08-10,CLAYMONT BOYS & GIRLS CLUB,"500 DARLEY RD, CLAYMONT, DE 19703"
DE,2018-11-06,county,New Castle,09-10,CONCORD CHRISTIAN ACADEMY,"2510 MARSH RD, WILMINGTON, DE 19810"
DE,2018-11-06,county,New Castle,10-10,B'NAI B'RITH HOUSE,"8000 SOCIETY DR, CLAYMONT, DE 19703"
DE,2018-11-06,county,New Castle,01-11,TOWNSEND FIRE HALL,"107 MAIN ST, TOWNSEND, DE 19734"
DE,2018-11-06,county,New Castle,02-11,IMMANUEL UNITED METH CHURCH,"209 MAIN ST, TOWNSEND, DE 19734"
DE,2018-11-06,county,New Castle,03-11,TOWNSEND EARLY CHILDHOOD CNTR,"10 BROOK RAMBLE LN, TOWNSEND, DE 19734"
DE,2018-11-06,county,New Castle,04-11,BLACKBIRD COMMUNITY CENTER,"120 BLACKBIRD FOREST RD, TOWNSEND, DE 19734"
DE,2018-11-06,county,New Castle,01-12,CONCORD PRESBYTERIAN CHURCH,"1800 FAIRFAX BLVD, WILMINGTON, DE 19803"
DE,2018-11-06,county,New Castle,02-12,ALDERSGATE METHODIST CHURCH,"2313 CONCORD PIKE, WILMINGTON, DE 19803"
DE,2018-11-06,county,New Castle,03-12,ALDERSGATE METHODIST CHURCH,"2313 CONCORD PIKE, WILMINGTON, DE 19803"
DE,2018-11-06,county,New Castle,04-12,A I DUPONT HIGH SCHOOL,"50 HILLSIDE RD, WILMINGTON, DE 19807"
DE,2018-11-06,county,New Castle,05-12,FIRST UNITARIAN CHURCH,"730 HALSTEAD RD, WILMINGTON, DE 19803"
DE,2018-11-06,county,New Castle,06-12,LOWER BRANDYWINE PRESBY CHURCH,"101 OLD KENNETT RD, WILMINGTON, DE 19807"
DE,2018-11-06,county,New Castle,07-12,HOCKESSIN LIBRARY,"1023 VALLEY RD, HOCKESSIN, DE 19707"
DE,2018-11-06,county,New Castle,08-12,HENRY B DUPONT MIDDLE SCHOOL,"735 MEETING HOUSE RD, HOCKESSIN, DE 19707"
DE,2018-11-06,county,New Castle,09-12,ACTIVITY CTR AT HOCKESSIN PAL,"7259 LANCASTER PIKE, HOCKESSIN, DE 19707"
DE,2018-11-06,county,New Castle,10-12,HENRY B DUPONT MIDDLE SCHOOL,"735 MEETING HOUSE RD, HOCKESSIN, DE 19707"
DE,2018-11-06,county,New Castle,11-12,COUNTRY HOUSE,"4830 KENNETT PIKE, WILMINGTON, DE 19807"
DE,2018-11-06,county,New Castle,12-12,ACTIVITY CTR AT HOCKESSIN PAL,"7259 LANCASTER PIKE, HOCKESSIN, DE 19707"
DE,2018-11-06,county,New Castle,13-12,COKESBURY VILLAGE,"726 LOVEVILLE RD, HOCKESSIN, DE 19707"
DE,2018-11-06,county,New Castle,14-12,MT LEBANON METHODIST CHURCH,"850 MT LEBANON RD, WILMINGTON, DE 19803"
DE,2018-11-06,county,New Castle,01-13,BALTZ ELEMENTARY SCHOOL,"1500 SPRUCE AVE, WILMINGTON, DE 19805"
DE,2018-11-06,county,New Castle,02-13,MARBROOK ELEMENTARY SCHOOL,"2101 CENTERVILLE RD, WILMINGTON, DE 19808"
DE,2018-11-06,county,New Castle,03-13,DOUGLASS SCHOOL,"1800 PROSPECT RD, WILMINGTON, DE 19805"
DE,2018-11-06,county,New Castle,04-13,CONRAD SCHOOLS OF SCIENCE,"201 JACKSON AVE, WILMINGTON, DE 19804"
DE,2018-11-06,county,New Castle,05-13,RICHARDSON PARK METHODIST CH,"11 N MARYLAND AVE, WILMINGTON, DE 19804"
DE,2018-11-06,county,New Castle,06-13,CONRAD SCHOOLS OF SCIENCE,"201 JACKSON AVE, WILMINGTON, DE 19804"
DE,2018-11-06,county,New Castle,07-13,BALTZ ELEMENTARY SCHOOL,"1500 SPRUCE AVE, WILMINGTON, DE 19805"
DE,2018-11-06,county,New Castle,08-13,ELSMERE FIRE HALL,"1107 KIRKWOOD HWY, WILMINGTON, DE 19805"
DE,2018-11-06,county,New Castle,09-13,ELSMERE TOWN HALL,"11 POPLAR AVE, WILMINGTON, DE 19805"
DE,2018-11-06,county,New Castle,10-13,ELSMERE TOWN HALL,"11 POPLAR AVE, WILMINGTON, DE 19805"
DE,2018-11-06,county,New Castle,11-13,PULASKI ELEMENTARY SCHOOL,"1300 CEDAR ST, WILMINGTON, DE 19805"
DE,2018-11-06,county,New Castle,12-13,DOUGLASS SCHOOL,"1800 PROSPECT RD, WILMINGTON, DE 19805"
DE,2018-11-06,county,New Castle,13-13,PULASKI ELEMENTARY SCHOOL,"1300 CEDAR ST, WILMINGTON, DE 19805"
DE,2018-11-06,county,New Castle,14-13,CONRAD SCHOOLS OF SCIENCE,"201 JACKSON AVE, WILMINGTON, DE 19804"
DE,2018-11-06,county,New Castle,01-15,SOUTHERN ELEMENTARY SCHOOL,"795 COX NECK RD, NEW CASTLE, DE 19720"
DE,2018-11-06,county,New Castle,02-15,WILBUR ELEMENTARY SCHOOL,"4050 WRANGLE HILL RD, BEAR, DE 19701"
DE,2018-11-06,county,New Castle,03-15,SOUTHERN ELEMENTARY SCHOOL,"795 COX NECK RD, NEW CASTLE, DE 19720"
DE,2018-11-06,county,New Castle,04-15,LEASURE ELEMENTARY SCHOOL,"1015 CHURCH RD, NEWARK, DE 19702"
DE,2018-11-06,county,New Castle,05-15,OBERLE ELEMENTARY SCHOOL,"500 CALEDONIA WAY, BEAR, DE 19701"
DE,2018-11-06,county,New Castle,06-15,OBERLE ELEMENTARY SCHOOL,"500 CALEDONIA WAY, BEAR, DE 19701"
DE,2018-11-06,county,New Castle,07-15,WILBUR ELEMENTARY SCHOOL,"4050 WRANGLE HILL RD, BEAR, DE 19701"
DE,2018-11-06,county,New Castle,08-15,LEASURE ELEMENTARY SCHOOL,"1015 CHURCH RD, NEWARK, DE 19702"
DE,2018-11-06,county,New Castle,09-15,WILBUR ELEMENTARY SCHOOL,"4050 WRANGLE HILL RD, BEAR, DE 19701"
DE,2018-11-06,county,New Castle,10-15,LEASURE ELEMENTARY SCHOOL,"1015 CHURCH RD, NEWARK, DE 19702"
DE,2018-11-06,county,New Castle,01-16,EISENBERG ELEMENTARY SCHOOL,"27 LANDERS LN, NEW CASTLE, DE 19720"
DE,2018-11-06,county,New Castle,02-16,RTE 9 LIBRARY & INNOVATION CTR,"3022 NEW CASTLE AVE, NEW CASTLE, DE 19720"
DE,2018-11-06,county,New Castle,03-16,DE LA WARR COMMUNITY CENTER,"500 ROGERS RD, NEW CASTLE, DE 19720"
DE,2018-11-06,county,New Castle,04-16,MINQUADALE FIRE COMPANY,"129 E HAZELDELL AVE, NEW CASTLE, DE 19720"
DE,2018-11-06,county,New Castle,05-16,MCCULLOUGH MIDDLE SCHOOL,"20 CHASE AVE, NEW CASTLE, DE 19720"
DE,2018-11-06,county,New Castle,06-16,NEIGHBORHOOD HOUSE,"1218 B ST, WILMINGTON, DE 19801"
DE,2018-11-06,county,New Castle,07-16,CASTLE HILLS ELEMENTARY SCHOOL,"502 MOORES LN, NEW CASTLE, DE 19720"
DE,2018-11-06,county,New Castle,08-16,CASTLE HILLS ELEMENTARY SCHOOL,"502 MOORES LN, NEW CASTLE, DE 19720"
DE,2018-11-06,county,New Castle,09-16,NEW CASTLE SENIOR CENTER,"400 SOUTH ST, NEW CASTLE, DE 19720"
DE,2018-11-06,county,New Castle,10-16,NEW CASTLE SENIOR CENTER,"400 SOUTH ST, NEW CASTLE, DE 19720"
DE,2018-11-06,county,New Castle,01-17,EISENBERG ELEMENTARY SCHOOL,"27 LANDERS LN, NEW CASTLE, DE 19720"
DE,2018-11-06,county,New Castle,02-17,NUR SHRINERS (NUR TEMPLE),"198 S DUPONT HWY, NEW CASTLE, DE 19720"
DE,2018-11-06,county,New Castle,03-17,NUR SHRINERS (NUR TEMPLE),"198 S DUPONT HWY, NEW CASTLE, DE 19720"
DE,2018-11-06,county,New Castle,04-17,NEW CASTLE UNITED METH CHURCH,"510 DELAWARE ST, NEW CASTLE, DE 19720"
DE,2018-11-06,county,New Castle,05-17,READ MIDDLE SCHOOL,"314 E BASIN RD, NEW CASTLE, DE 19720"
DE,2018-11-06,county,New Castle,06-17,DE TECH & COMM COLLEGE-STANTON,"400 STANTON CHRISTIANA RD, NEWARK, DE 19713"
DE,2018-11-06,county,New Castle,07-17,HOWARD WESTON SENIOR CENTER,"1 BASSETT AVE, NEW CASTLE, DE 19720"
DE,2018-11-06,county,New Castle,08-17,WILLIAM PENN HIGH SCHOOL,"713 E BASIN RD, NEW CASTLE, DE 19720"
DE,2018-11-06,county,New Castle,09-17,WILMINGTON MANOR ELEM SCHOOL,"200 E ROOSEVELT AVE, NEW CASTLE, DE 19720"
DE,2018-11-06,county,New Castle,10-17,HOWARD WESTON SENIOR CENTER,"1 BASSETT AVE, NEW CASTLE, DE 19720"
DE,2018-11-06,county,New Castle,11-17,CONNER BUILDING,"187A OLD CHURCHMANS RD, NEW CASTLE, DE 19720"
DE,2018-11-06,county,New Castle,01-18,GALLAHER ELEMENTARY SCHOOL,"800 N BROWNLEAF RD, NEWARK, DE 19713"
DE,2018-11-06,county,New Castle,02-18,DE TECH & COMM COLLEGE-STANTON,"400 STANTON CHRISTIANA RD, NEWARK, DE 19713"
DE,2018-11-06,county,New Castle,03-18,EDEN SUPPORT SERVICES,"925 BEAR CORBITT RD, BEAR, DE 19701"
DE,2018-11-06,county,New Castle,04-18,UNION UNITED METHODIST CHURCH,"345 SCHOOL BELL RD, BEAR, DE 19701"
DE,2018-11-06,county,New Castle,05-18,PLEASANTVILLE ELEM SCHOOL,"16 PLEASANT PL, NEW CASTLE, DE 19720"
DE,2018-11-06,county,New Castle,06-18,DELDOT CANAL DISTRICT,"250 BEAR CHRISTIANA RD, BEAR, DE 19701"
DE,2018-11-06,county,New Castle,07-18,GALLAHER ELEMENTARY SCHOOL,"800 N BROWNLEAF RD, NEWARK, DE 19713"
DE,2018-11-06,county,New Castle,08-18,ST ELIZABETH ANN SETON CHURCH,"345 BEAR CHRISTIANA RD, BEAR, DE 19701"
DE,2018-11-06,county,New Castle,09-18,UNION UNITED METHODIST CHURCH,"345 SCHOOL BELL RD, BEAR, DE 19701"
DE,2018-11-06,county,New Castle,10-18,ST ELIZABETH ANN SETON CHURCH,"345 BEAR CHRISTIANA RD, BEAR, DE 19701"
DE,2018-11-06,county,New Castle,01-19,DELCASTLE TECHNICAL HIGH SCH,"1417 NEWPORT RD, WILMINGTON, DE 19804"
DE,2018-11-06,county,New Castle,02-19,PENIEL UNITED METHODIST CHURCH,"115 E MARKET ST, WILMINGTON, DE 19804"
DE,2018-11-06,county,New Castle,03-19,BRANDYWINE SPRINGS SCHOOL,"2916 DUNCAN RD, WILMINGTON, DE 19808"
DE,2018-11-06,county,New Castle,04-19,MILL CREEK FIRE COMPANY,"3900 KIRKWOOD HWY, WILMINGTON, DE 19808"
DE,2018-11-06,county,New Castle,05-19,ST JAMES CHURCH PARISH HOUSE,"2106 ST JAMES CHURCH RD, WILMINGTON, DE 19808"
DE,2018-11-06,county,New Castle,06-19,ST MARKS UNITED METHODIST CH,"1700 LIMESTONE RD, WILMINGTON, DE 19804"
DE,2018-11-06,county,New Castle,07-19,STANTON MIDDLE SCHOOL,"1800 LIMESTONE RD, WILMINGTON, DE 19804"
DE,2018-11-06,county,New Castle,08-19,STANTON MIDDLE SCHOOL,"1800 LIMESTONE RD, WILMINGTON, DE 19804"
DE,2018-11-06,county,New Castle,09-19,MARBROOK ELEMENTARY SCHOOL,"2101 CENTERVILLE RD, WILMINGTON, DE 19808"
DE,2018-11-06,county,New Castle,10-19,DELAWARE STATE UNIVERSITY-WILM,"3931 KIRKWOOD HWY, WILMINGTON, DE 19808"
DE,2018-11-06,county,New Castle,11-19,RICHEY ELEMENTARY SCHOOL,"105 E HIGHLAND AVE, WILMINGTON, DE 19804"
DE,2018-11-06,county,New Castle,12-19,DELCASTLE TECHNICAL HIGH SCH,"1417 NEWPORT RD, WILMINGTON, DE 19804"
DE,2018-11-06,county,New Castle,01-21,DICKINSON HIGH SCHOOL,"1801 MILLTOWN RD, WILMINGTON, DE 19808"
DE,2018-11-06,county,New Castle,02-21,FOREST OAK ELEMENTARY SCHOOL,"55 S MEADOWOOD DR, NEWARK, DE 19711"
DE,2018-11-06,county,New Castle,03-21,DICKINSON HIGH SCHOOL,"1801 MILLTOWN RD, WILMINGTON, DE 19808"
DE,2018-11-06,county,New Castle,04-21,WILSON ELEMENTARY SCHOOL,"14 FORGE RD, NEWARK, DE 19711"
DE,2018-11-06,county,New Castle,05-21,SKYLINE MIDDLE SCHOOL,"2900 SKYLINE DR, WILMINGTON, DE 19808"
DE,2018-11-06,county,New Castle,06-21,SKYLINE MIDDLE SCHOOL,"2900 SKYLINE DR, WILMINGTON, DE 19808"
DE,2018-11-06,county,New Castle,07-21,MACLARY ELEMENTARY SCHOOL,"300 ST REGIS DR, NEWARK, DE 19711"
DE,2018-11-06,county,New Castle,08-21,FOREST OAK ELEMENTARY SCHOOL,"55 S MEADOWOOD DR, NEWARK, DE 19711"
DE,2018-11-06,county,New Castle,09-21,DICKINSON HIGH SCHOOL,"1801 MILLTOWN RD, WILMINGTON, DE 19808"
DE,2018-11-06,county,New Castle,10-21,LIMESTONE PRESBYTERIAN CHURCH,"3201 LIMESTONE RD, WILMINGTON, DE 19808"
DE,2018-11-06,county,New Castle,11-21,SHUE-MEDILL MIDDLE SCHOOL,"1500 CAPITOL TRL, NEWARK, DE 19711"
DE,2018-11-06,county,New Castle,01-22,NORTH STAR ELEMENTARY SCHOOL,"1340 LITTLE BALTIMORE RD, HOCKESSIN, DE 19707"
DE,2018-11-06,county,New Castle,02-22,HOCKESSIN FIRE COMPANY,"1225 OLD LANCASTER PIKE, HOCKESSIN, DE 19707"
DE,2018-11-06,county,New Castle,03-22,NORTH STAR ELEMENTARY SCHOOL,"1340 LITTLE BALTIMORE RD, HOCKESSIN, DE 19707"
DE,2018-11-06,county,New Castle,04-22,UNITARIAN UNIVERSLST/MILLCREEK,"579 POLLY DRUMMOND HILL RD, NEWARK, DE 19711"
DE,2018-11-06,county,New Castle,05-22,NORTH STAR ELEMENTARY SCHOOL,"1340 LITTLE BALTIMORE RD, HOCKESSIN, DE 19707"
DE,2018-11-06,county,New Castle,06-22,EBENEZER METHODIST CHURCH,"525 POLLY DRUMMOND HILL RD, NEWARK, DE 19711"
DE,2018-11-06,county,New Castle,07-22,ST PHILIP'S LUTHERAN CHURCH,"5320 LIMESTONE RD, WILMINGTON, DE 19808"
DE,2018-11-06,county,New Castle,08-22,WILSON ELEMENTARY SCHOOL,"14 FORGE RD, NEWARK, DE 19711"
DE,2018-11-06,county,New Castle,09-22,EBENEZER METHODIST CHURCH,"525 POLLY DRUMMOND HILL RD, NEWARK, DE 19711"
DE,2018-11-06,county,New Castle,10-22,WILLIAM COOKE ELEMENTARY SCHL,"2025 GRAVES RD, HOCKESSIN, DE 19707"
DE,2018-11-06,county,New Castle,11-22,LINDEN HILL ELEMENTARY SCHOOL,"3415 SKYLINE DR, WILMINGTON, DE 19808"
DE,2018-11-06,county,New Castle,12-22,WILLIAM COOKE ELEMENTARY SCHL,"2025 GRAVES RD, HOCKESSIN, DE 19707"
DE,2018-11-06,county,New Castle,01-23,MAIN TOWERS,"330 E MAIN ST, NEWARK, DE 19711"
DE,2018-11-06,county,New Castle,02-23,FIRST PRESBYTERIAN CHURCH,"292 W MAIN ST, NEWARK, DE 19711"
DE,2018-11-06,county,New Castle,03-23,DOWNES ELEMENTARY SCHOOL,"220 CASHO MILL RD, NEWARK, DE 19711"
DE,2018-11-06,county,New Castle,04-23,DOWNES ELEMENTARY SCHOOL,"220 CASHO MILL RD, NEWARK, DE 19711"
DE,2018-11-06,county,New Castle,05-23,AETNA FIRE STATION #7,"7 THORN LN, NEWARK, DE 19711"
DE,2018-11-06,county,New Castle,06-23,MACLARY ELEMENTARY SCHOOL,"300 ST REGIS DR, NEWARK, DE 19711"
DE,2018-11-06,county,New Castle,07-23,FIRST CHURCH OF THE NAZARENE,"357 PAPER MILL RD, NEWARK, DE 19711"
DE,2018-11-06,county,New Castle,08-23,GEORGE WILSON COMMUNITY CENTER,"303 NEW LONDON RD, NEWARK, DE 19711"
DE,2018-11-06,county,New Castle,09-23,UNITARIAN UNIVERSLST/MILLCREEK,"579 POLLY DRUMMOND HILL RD, NEWARK, DE 19711"
DE,2018-11-06,county,New Castle,01-24,GAUGER-COBBS MIDDLE SCHOOL,"50 GENDER RD, NEWARK, DE 19713"
DE,2018-11-06,county,New Castle,02-24,GAUGER-COBBS MIDDLE SCHOOL,"50 GENDER RD, NEWARK, DE 19713"
DE,2018-11-06,county,New Castle,03-24,CHRISTIANA HIGH SCHOOL,"190 SALEM CHURCH RD, NEWARK, DE 19713"
DE,2018-11-06,county,New Castle,04-24,CHRISTIANA HIGH SCHOOL,"190 SALEM CHURCH RD, NEWARK, DE 19713"
DE,2018-11-06,county,New Castle,05-24,SHUE-MEDILL MIDDLE SCHOOL,"1500 CAPITOL TRL, NEWARK, DE 19711"
DE,2018-11-06,county,New Castle,06-24,NEWARK HIGH SCHOOL,"750 E DELAWARE AVE, NEWARK, DE 19711"
DE,2018-11-06,county,New Castle,07-24,JENNIE SMITH ELEMENTARY SCHOOL,"142 BRENNEN DR, NEWARK, DE 19713"
DE,2018-11-06,county,New Castle,08-24,KIRK MIDDLE SCHOOL,"140 BRENNEN DR, NEWARK, DE 19713"
DE,2018-11-06,county,New Castle,09-24,BROOKSIDE ELEMENTARY SCHOOL,"800 MARROWS RD, NEWARK, DE 19713"
DE,2018-11-06,county,New Castle,10-24,BROOKSIDE ELEMENTARY SCHOOL,"800 MARROWS RD, NEWARK, DE 19713"
DE,2018-11-06,county,New Castle,01-25,NEWARK FREE LIBRARY,"750 LIBRARY AVE, NEWARK, DE 19711"
DE,2018-11-06,county,New Castle,02-25,MCVEY ELEMENTARY SCHOOL,"908 JANICE DR, NEWARK, DE 19713"
DE,2018-11-06,county,New Castle,03-25,WEST PARK PLACE ELEM SCHOOL,"193 WEST PARK PL, NEWARK, DE 19711"
DE,2018-11-06,county,New Castle,04-25,MCVEY ELEMENTARY SCHOOL,"908 JANICE DR, NEWARK, DE 19713"
DE,2018-11-06,county,New Castle,05-25,LIGHTHOUSE BAPTIST CHURCH,"1842 OTTS CHAPEL RD, NEWARK, DE 19702"
DE,2018-11-06,county,New Castle,06-25,LIGHTHOUSE BAPTIST CHURCH,"1842 OTTS CHAPEL RD, NEWARK, DE 19702"
DE,2018-11-06,county,New Castle,07-25,MCVEY ELEMENTARY SCHOOL,"908 JANICE DR, NEWARK, DE 19713"
DE,2018-11-06,county,New Castle,08-25,GLASGOW HIGH SCHOOL,"1901 S COLLEGE AVE, NEWARK, DE 19702"
DE,2018-11-06,county,New Castle,01-26,GLASGOW HIGH SCHOOL,"1901 S COLLEGE AVE, NEWARK, DE 19702"
DE,2018-11-06,county,New Castle,02-26,GLASGOW HIGH SCHOOL,"1901 S COLLEGE AVE, NEWARK, DE 19702"
DE,2018-11-06,county,New Castle,03-26,JONES ELEMENTARY SCHOOL,"35 W MAIN ST, NEWARK, DE 19702"
DE,2018-11-06,county,New Castle,04-26,CHRISTIANA HIGH SCHOOL,"190 SALEM CHURCH RD, NEWARK, DE 19713"
DE,2018-11-06,county,New Castle,05-26,THURGOOD MARSHALL ELEM SCHOOL,"101 BARRETT RUN RD, NEWARK, DE 19702"
DE,2018-11-06,county,New Castle,06-26,THURGOOD MARSHALL ELEM SCHOOL,"101 BARRETT RUN RD, NEWARK, DE 19702"
DE,2018-11-06,county,New Castle,07-26,THURGOOD MARSHALL ELEM SCHOOL,"101 BARRETT RUN RD, NEWARK, DE 19702"
DE,2018-11-06,county,New Castle,08-26,JONES ELEMENTARY SCHOOL,"35 W MAIN ST, NEWARK, DE 19702"
DE,2018-11-06,county,New Castle,09-26,GREATER NWK BOYS & GIRLS CLUB,"109 GLASGOW DR, NEWARK, DE 19702"
DE,2018-11-06,county,New Castle,01-27,LOSS ELEMENTARY SCHOOL,"200 BRENNAN BLVD, BEAR, DE 19701"
DE,2018-11-06,county,New Castle,02-27,BRADER ELEMENTARY SCHOOL,"350 FOUR SEASONS PKY, NEWARK, DE 19702"
DE,2018-11-06,county,New Castle,03-27,HODGSON VO-TECH HIGH SCHOOL,"2575 GLASGOW AVE, NEWARK, DE 19702"
DE,2018-11-06,county,New Castle,04-27,HODGSON VO-TECH HIGH SCHOOL,"2575 GLASGOW AVE, NEWARK, DE 19702"
DE,2018-11-06,county,New Castle,05-27,KEENE ELEMENTARY SCHOOL,"200 LAGRANGE AVE, NEWARK, DE 19702"
DE,2018-11-06,county,New Castle,06-27,KEENE ELEMENTARY SCHOOL,"200 LAGRANGE AVE, NEWARK, DE 19702"
DE,2018-11-06,county,New Castle,07-27,GOOD SHEPHERD BAPTIST CHURCH,"2274 PORTER RD, BEAR, DE 19701"
DE,2018-11-06,county,New Castle,08-27,HODGSON VO-TECH HIGH SCHOOL,"2575 GLASGOW AVE, NEWARK, DE 19702"
DE,2018-11-06,county,New Castle,09-27,LOSS ELEMENTARY SCHOOL,"200 BRENNAN BLVD, BEAR, DE 19701"
DE,2018-11-06,county,New Castle,10-27,NEW CASTLE CONSERVATION CENTER,"2430 OLD COUNTY RD, NEWARK, DE 19702"
