election_date,state,jurisdiction,jurisdiction_type,precinct_id,precinct_name,name,address
2016-11-08,AK,Fairbanks North Star,borough,01-446,Aurora,Agricultural Museum - Fairgrounds,"1800 College Road, Fairbanks, AK 99101"
2016-11-08,AK,Fairbanks North Star,borough,01-455,Fairbanks No.1,FNSB Borough Offices,"809 Pioneer Road, Fairbanks, AK 99707"
2016-11-08,AK,Fairbanks North Star,borough,01-465,Fairbanks No.2,Golden Towers,"330 3rd Avenue, Fairbanks, AK 99701"
2016-11-08,AK,Fairbanks North Star,borough,01-470,Fairbanks No.3,Noel Wien Library,"1215 Cowles Street, Fairbanks, AK 99701"
2016-11-08,AK,Fairbanks North Star,borough,01-475,Fairbanks No.4,National Guard Armory,"202 Wien Street, Fairbanks, AK 99701"
2016-11-08,AK,Fairbanks North Star,borough,01-480,Fairbanks No.5,Pioneer Park Centennial Center,"2300 Airport Way, Fairbanks, AK 99707"
2016-11-08,AK,Fairbanks North Star,borough,01-485,Fairbanks No.6,Shopper’s Forum Mall,"1255 Airport Way, Fairbanks, AK 99707"
2016-11-08,AK,Fairbanks North Star,borough,01-490,Fairbanks No.7,JP Jones Community Dev Center,"2400 Rickert Street, Fairbanks, AK 99707"
2016-11-08,AK,Fairbanks North Star,borough,01-495,Fairbanks No.10,Pioneer Park Centennial Center,"2300 Airport Way, Fairbanks, AK 99707"
2016-11-08,AK,Fairbanks North Star,borough,02-345,Badger No.2,Badger Plaza,"771 Badger Road, Fairbanks, AK 99711"
2016-11-08,AK,Fairbanks North Star,borough,02-355,Fairbanks No.8,Frontier Outfitters/Gavora Mall,"250 Third Street, Suite 6, Fairbanks, AK 99701"
2016-11-08,AK,Fairbanks North Star,borough,02-365,Fairbanks No.9,Tanana Middle School,"600 Trainor Gate Road, Fairbanks, AK 99701"
2016-11-08,AK,Fairbanks North Star,borough,02-375,Fort Wainwright,Last Frontier Community Activity Center,"1044 Apple Street, Fort Wainwright, AK 99703"
2016-11-08,AK,Fairbanks North Star,borough,03-130,Badger No.1,New Hope Methodist-Presbyterian Church,"2371 Bradway Road, North Pole, AK 99705"
2016-11-08,AK,Fairbanks North Star,borough,03-135,Chena Lakes,Santa Senior Center,"101 E 5th Avenue, North Pole, AK 99705"
2016-11-08,AK,Fairbanks North Star,borough,03-165,Newby,North Pole Plaza Mall,"301 N Santa Claus Ln., North Pole, AK 99707"
2016-11-08,AK,Fairbanks North Star,borough,03-175,North Pole,North Pole City Hall,"125 Snowman Lane, North Pole, AK 99705"
2016-11-08,AK,Fairbanks North Star,borough,03-183,Plack,North Pole Plaza Mall,"301 N Santa Claus Ln., North Pole, AK 99707"
2016-11-08,AK,Fairbanks North Star,borough,04-230,Ester,Ester Fire Station,"3570 Old Nenana Hwy, Ester, AK 99725"
2016-11-08,AK,Fairbanks North Star,borough,04-240,Farmers Loop,Seventh-Day Adventist Church - Gym,"1811 Farmer's Loop Road, Fairbanks, AK 99708"
2016-11-08,AK,Fairbanks North Star,borough,04-250,Goldstream No.1,Chena Goldstream Fire Station 3,"1300 Goldstream Rd, Fairbanks, AK 99709"
2016-11-08,AK,Fairbanks North Star,borough,04-260,Goldstream No.2,Ken Kunkel Community Center,"2591A Goldstream Road, Fairbanks, AK 99709"
2016-11-08,AK,Fairbanks North Star,borough,04-265,Steese East/Gilmore,Bentley Mall,"32 College Road, Fairbanks, AK 99701"
2016-11-08,AK,Fairbanks North Star,borough,04-270,Steese West,Bentley Mall,"32 College Road, Fairbanks, AK 99701"
2016-11-08,AK,Fairbanks North Star,borough,04-280,University Hills,Effie Kokrine Charter School,"601 Loftus Road, Fairbanks, AK 99701"
2016-11-08,AK,Fairbanks North Star,borough,05-580,Airport,Pike's Waterfront Lodge,"1850 Hoselton Road, Fairbanks, AK 99709"
2016-11-08,AK,Fairbanks North Star,borough,05-582,Chena,Faith Baptist Church,"910 Chena Pump Rd., Fairbanks, AK 99708"
2016-11-08,AK,Fairbanks North Star,borough,05-586,Geist,University Baptist Church,"1197 University Ave, Fairbanks, AK 99709"
2016-11-08,AK,Fairbanks North Star,borough,05-587,Lakeview,Gene's Chrysler Center,"3400 S Cushman St, Fairbanks, AK 99701"
2016-11-08,AK,Fairbanks North Star,borough,05-588,Pike,J.A. Kornfeind Training Center,"4782 Dale Road, Fairbanks, AK 99709"
2016-11-08,AK,Fairbanks North Star,borough,05-590,Richardson,North Star Fire Station #1,"2358 Bradway Road, Fairbanks, AK 99701"
2016-11-08,AK,Fairbanks North Star,borough,05-592,Shanly,Beaver Sports,"3480 College Road, Fairbanks, AK 99709"
2016-11-08,AK,Fairbanks North Star,borough,05-594,University Campus,Patty Center Lobby,"University of Alaska Campus, Fairbanks, AK 99775"
2016-11-08,AK,Fairbanks North Star,borough,05-596,University West,Woodriver Elementary School,"5000 Palo Verde Dr., Fairbanks, AK 99701"
2016-11-08,AK,Fairbanks North Star,borough,06-145,Eielson,Ben Eielson Jr/Sr High School,"675 Ravens Way, Fairbanks, AK 99701"
2016-11-08,AK,Fairbanks North Star,borough,06-150,Fox,Turtle Club,"2098 Old Steese Hwy. N (Mile 10), Fairbanks, AK 99707"
2016-11-08,AK,Fairbanks North Star,borough,06-155,Moose Creek,North Star Fire Station #35,"3483 Old Richardson Hwy, North Pole, AK 99705"
2016-11-08,AK,Fairbanks North Star,borough,06-160,Salcha,Salcha Elementary School,"8530 Richardson Hwy, Fairbanks, AK 99701"
2016-11-08,AK,Fairbanks North Star,borough,06-170,Steele Creek,Door of Hope One:8 Café,"270 Fairhill Road, Fairbanks, AK 99707"
2016-11-08,AK,Fairbanks North Star,borough,06-180,Two Rivers,Two Rivers K8 School,"400 Two Rivers Road, Two Rivers, AK 99716"
2016-11-08,AK,Denali,borough,06-005,Anderson,Anderson City Building,"1st Ave. , Anderson, AK 99744"
2016-11-08,AK,Denali,borough,06-012,Cantwell,Cantwell Community Center,"Cantwell Community Center, Parks Highway, Cantwell, AK 99729"
2016-11-08,AK,Denali,borough,06-024,Clear,Rochester Lodge,"Mi 280 Parks Highway, Anderson, AK 99744"
2016-11-08,AK,Denali,borough,06-026,Denali Park,Denali Park Community Center,"MI 230 Parks Highway, Denali Park, AK 99744"
2016-11-08,AK,Denali,borough,06-040,Healy,Tri Valley Community Center,"Usibelli Spur Road, Healy, AK 99744"
2016-11-08,AK,Matanuska-Susitna,borough,07-100,Lakes No. 1,Finger Lake Elementary School,"5981 Eek, Wasilla, AK 99654"
2016-11-08,AK,Matanuska-Susitna,borough,07-105,Pioneer Peak,Pioneer Peak Elementary,"1959 N Trunk Rd, Palmer, AK 99645"
2016-11-08,AK,Matanuska-Susitna,borough,07-110,Schrock,Alcantra National Guard Armory,"3401 E Bogard Road, Wasilla, AK 99654"
2016-11-08,AK,Matanuska-Susitna,borough,07-115,Wasilla Lake,Cottonwood Creek Elementary,"800 N Seward Meridian, Wasilla, AK 99654"
2016-11-08,AK,Matanuska-Susitna,borough,07-120,Wasilla No. 1,Wasilla Senior Citizens Center,"1301 Century Cir, Wasilla, AK 99654"
2016-11-08,AK,Matanuska-Susitna,borough,07-125,Wasilla No. 2,Wasilla City Hall,"290 E Herning Ave, Wasilla, AK 99654"
2016-11-08,AK,Matanuska-Susitna,borough,07-130,Foothills,Menard Sports Center,"1001 S. Mack Dr., Wasilla, AK 99654"
2016-11-08,AK,Matanuska-Susitna,borough,08-130,Meadow Lakes No. 1,Meadow Lakes Elementary,"1741 N Pittman Road, Wasilla, AK 99623"
2016-11-08,AK,Matanuska-Susitna,borough,08-135,Meadow Lakes No 2,Meadow Lakes Public Safety Building,"1685 N. Pittman Rd, Wasilla, AK 99654"
2016-11-08,AK,Matanuska-Susitna,borough,08-140,Knik Goose Bay No. 1,Knik Elementary School,"6350 W. Hollywood Rd, Wasilla, AK 99623"
2016-11-08,AK,Matanuska-Susitna,borough,08-145,Knik Goose Bay No. 2,Goose Bay Elementary School,"6400 Hollywood Blvd, Wasilla, AK 99623"
2016-11-08,AK,Matanuska-Susitna,borough,08-150,Knik Goose Bay No. 3,Settlers Bay Community Church,"6865 W. Dewlap Cir, Wasilla, AK 99654"
2016-11-08,AK,Matanuska-Susitna,borough,08-155,Big Lake,Big Lake Lions Club,"2939 S. Lions Cir., Wasilla, AK 99623"
2016-11-08,AK,Matanuska-Susitna,borough,09-622,Farm Loop,Farm Loop Christian Center,"5900 N Farm Loop Rd, Palmer, AK 99645"
2016-11-08,AK,Matanuska-Susitna,borough,09-628,Fishhook,Fishhook Public Safety Building,"8200 E Turner Rd, Palmer, AK 99645"
2016-11-08,AK,Matanuska-Susitna,borough,09-640,Sheep Mountain,Glacier View School,"65975 S Wolverine Circle, Sutton, AK 99674"
2016-11-08,AK,Matanuska-Susitna,borough,09-645,Sutton,Sutton Library,"11301 N Chickaloon Wy, Sutton, AK 99674"
2016-11-08,AK,Matanuska-Susitna,borough,10-005,Kings Lake,Colony High School,"9550 E Colony Schools Drive, Palmer, AK 99645"
2016-11-08,AK,Matanuska-Susitna,borough,10-010,Church,Lamb of God Lutheran Church,"1221 N. Church Rd., Wasilla, AK 99654"
2016-11-08,AK,Matanuska-Susitna,borough,10-015,Tanaina,Tanaina Elementary School,"2550 Lucille St, Wasilla, AK 99654"
2016-11-08,AK,Matanuska-Susitna,borough,10-020,Houston,Houston City Hall,"13878 W. Armstrong Rd., Houston, AK 99694"
2016-11-08,AK,Matanuska-Susitna,borough,10-025,Meadow Lakes No. 3,Church on the Rock,"3571 W. Machen Rd, Wasilla, AK 99623"
2016-11-08,AK,Matanuska-Susitna,borough,10-030,Susitna,Upper Susitna Senior and Civic Center,"16463 Helena Ave, Wasilla, AK 99676"
2016-11-08,AK,Matanuska-Susitna,borough,10-035,Talkeetna,Talkeetna Elementary School,"13930 E timberwolf Lp, Talkeetna, AK 99676"
2016-11-08,AK,Matanuska-Susitna,borough,10-040,Trapper Creek,Trapper Creek Elementary School,"6742 E. Petersville Rd., Trapper Creek, AK 99683"
2016-11-08,AK,Matanuska-Susitna,borough,10-045,Willow,Willow Community Center,"Mi 69 Parks Hwy, Willow, AK 99688"
2016-11-08,AK,Matanuska-Susitna,borough,10-050,Meadow Lakes No. 4,American Legion Post 35,"5050 Tweed Ct, Wasilla, AK 99654"
2016-11-08,AK,Matanuska-Susitna,borough,10-055,Lakes No. 2,Larson Elementary School,"2722 E Seldon Road, Wasilla, AK 99654"
2016-11-08,AK,Matanuska-Susitna,borough,11-055,Walby,Colony Middle School,"9250 E. Colony Schools Drive, Palmer, AK 99645"
2016-11-08,AK,Matanuska-Susitna,borough,11-060,Greater Palmer,Palmer Community Center (Depot),"610 S. Valley Way, Palmer, AK 99645"
2016-11-08,AK,Matanuska-Susitna,borough,11-065,Mat-Su Campus,Matanuska-Susitna College,"8295 E College Drive, Wasilla, AK 99654"
2016-11-08,AK,Matanuska-Susitna,borough,11-070,Palmer City No.1,Mat-Su Borough Building,"350 E Dahlia Ave, Palmer, AK 99645"
2016-11-08,AK,Matanuska-Susitna,borough,11-075,Palmer City No.2,Palmer Senior Citizen Center,"1132 S Chugach St, Palmer, AK 99645"
2016-11-08,AK,Matanuska-Susitna,borough,11-085,Trunk,Fire Station 51,"1911 S Terrace Ct., Palmer, AK 99645"
2016-11-08,AK,Matanuska-Susitna,borough,11-090,Seward Meridian,Gospel Outreach Fellowship Center,"4800 E Palmer Wasilla Hwy, Wasilla, AK 99654"
2016-11-08,AK,Matanuska-Susitna,borough,11-095,Springer Loop,Palmer 7th Day Adventist Church,"2238 Inner Springer Loop, Palmer, AK 99645"
2016-11-08,AK,Matanuska-Susitna,borough,11-099,Lazy Mountain,Lazy Mountain Bible Church,"16005 E Shawn Drive, Palmer, AK 99645"
2016-11-08,AK,Matanuska-Susitna,borough,12-200,Fairview No. 1,Snowshoe Elementary School,"2001 W Fairview Loop, Wasilla, AK 99654"
2016-11-08,AK,Matanuska-Susitna,borough,12-205,Fairview No. 2,Machetanz Elementary School,"4691 E Nelson Rd, Wasilla, AK 99654"
2016-11-08,AK,Matanuska-Susitna,borough,12-210,Snowshoe,Christ First United Methodist Church,"5137 W Fairview Loop, Wasilla, AK 99654"
2016-11-08,AK,Matanuska-Susitna,borough,12-220,Butte,Butte Public Safety Building,"3355 Old Glenn Highway, Palmer, AK 99645"
2016-11-08,AK,Anchorage,borough,12-225,Eklutna,Mirror Lake Middle School,"22901 Lake Hill Dr, Chugiak, AK 99567"
2016-11-08,AK,Anchorage,borough,12-230,Peters Creek No. 1,Peters Creek Christian Center,"20640 Chapel Dr, Chugiak, AK 99567"
2016-11-08,AK,Anchorage,borough,12-233,Peters Creek No. 2,Peters Creek Christian Center,"20640 Chapel Dr, Chugiak, AK 99567"
2016-11-08,AK,Anchorage,borough,13-235,Chugiak,Chugiak High School,"16525 Birchwood Lp, Chugiak, AK 99567"
2016-11-08,AK,Anchorage,borough,13-240,Fire Lake,Fire Lake Elementary School,"13801 Harry McDonald Rd , Eagle River, AK 99577"
2016-11-08,AK,Anchorage,borough,13-245,Jber No. 1,Ursa Major Elementary,"454 Dyea St, Fort Richardson, AK 99505"
2016-11-08,AK,Anchorage,borough,13-250,Downtown Eagle River No. 1,Eagle River Parks & Rec,"12001 Business Blvd #123, Eagle River, AK 99577"
2016-11-08,AK,Anchorage,borough,13-255,Chugach Park No. 1,Skyline Family Fellowship,"18239 N Eagle River Loop Rd, Eagle River, AK 99577"
2016-11-08,AK,Anchorage,borough,13-260,Centennial Park,Centennial Village,"9131 Centennial Dr, Anchorage, AK 99504"
2016-11-08,AK,Anchorage,borough,14-940,Downtown Eagle. River No. 2,Eagle River Elementary School,"10900 Old Eagle River Rd, Eagle River, AK 99577"
2016-11-08,AK,Anchorage,borough,14-945,Meadow Creek No. 1,Homestead Elementary School,"18001 Baranof, Eagle River, AK 99577"
2016-11-08,AK,Anchorage,borough,14-950,Meadow Creek No. 2,Joy Lutheran Church,"10111 E Eagle River Loop Rd, Eagle River, AK 99577"
2016-11-08,AK,Anchorage,borough,14-955,Eagle River No. 1,Gruening Middle School,"9601 Lee St, Eagle River, AK 99577"
2016-11-08,AK,Anchorage,borough,14-960,Eagle River No. 2,Kings Way Ministry Center,"10336 E Eagle River Loop Rd, Eagle River, AK 99577"
2016-11-08,AK,Anchorage,borough,14-965,Chugach Park No. 2,Ravenwood Elementary School,"9500 Wren Ln, Eagle River, AK 99577"
2016-11-08,AK,Anchorage,borough,14-970,Hiland,Alpenglow Elementary School,"19201 Driftwood Bay Drive, Eagle River, AK 99577"
2016-11-08,AK,Anchorage,borough,15-300,Jber No. 2,Mt Spurr Elementary,"8414 Mcguire Ave, Elmendorf AFB, AK 99506"
2016-11-08,AK,Anchorage,borough,15-305,Creekside Park,Creekside Park Elementary School,"7500 E 6Th Ave, Anchorage, AK 99504"
2016-11-08,AK,Anchorage,borough,15-310,Muldoon No. 1,Muldoon Elementary School,"525 Cherry Street, Anchorage, AK 99504"
2016-11-08,AK,Anchorage,borough,15-315,Muldoon No. 2,Muldoon Town Center,"382 Muldoon Road, Anchorage, AK 99504"
2016-11-08,AK,Anchorage,borough,15-320,North Muldoon,Bartlett High School,"1101 N Muldoon Rd, Anchorage, AK 99504"
2016-11-08,AK,Anchorage,borough,16-325,Russian Jack,Zion Lutheran Church,"2100 Boniface Pkwy, Anchorage, AK 99504"
2016-11-08,AK,Anchorage,borough,16-330,Nunaka Valley,Nunaka Valley Elementary,"1905 Twining Dr, Anchorage, AK 99504"
2016-11-08,AK,Anchorage,borough,16-335,Northeast Anchorage,St Innocent Orthodox Cathedral,"6724 E 4Th Avenue, Anchorage, AK 99504"
2016-11-08,AK,Anchorage,borough,16-340,College Gate,College Gate Elementary School,"3101 Sunflower, Anchorage, AK 99508"
2016-11-08,AK,Anchorage,borough,16-345,Chester Valley,Anchorage School District Building,"5530 E Northern Lights Blvd, Anchorage, AK 99504"
2016-11-08,AK,Anchorage,borough,16-350,Reflection Lake,Baxter Road Bible Church,"3600 Baxter Rd, Anchorage, AK 99504"
2016-11-08,AK,Anchorage,borough,16-355,Wonder Park,Wonder Park Elementary School,"5101 E 4Th Ave, Anchorage, AK 99508"
2016-11-08,AK,Anchorage,borough,17-400,Rogers Park,Rogers Park Elementary School,"1400 E Northern Lights Blvd, Anchorage, AK 99508"
2016-11-08,AK,Anchorage,borough,17-405,University No. 1,Lake Otis Elementary School,"3331 Lake Otis Pkwy, Anchorage, AK 99508"
2016-11-08,AK,Anchorage,borough,17-410,University No. 2,Alaska Housing Finance Corp Bldg,"4300 Boniface Pkwy, Anchorage, AK 99504"
2016-11-08,AK,Anchorage,borough,17-415,Far North Bicentennial,Anchorage Community YMCA,"5353 Lake Otis Pkwy, Anchorage, AK 99507"
2016-11-08,AK,Anchorage,borough,17-420,Tudor No. 1,Tudor Elementary School,"1666 Cache Dr, Anchorage, AK 99507"
2016-11-08,AK,Anchorage,borough,17-425,Tudor No. 2,University Baptist Church,"4313 Wright St, Anchorage, AK 99508"
2016-11-08,AK,Anchorage,borough,17-430,East Anchorage,East High School,"4025 E 24Th Ave, Anchorage, AK 99508"
2016-11-08,AK,Anchorage,borough,18-435,West Anchorage No. 1,West High School,"1700 Hillcrest Dr, Anchorage, AK 99517"
2016-11-08,AK,Anchorage,borough,18-440,West Anchorage No. 2,Romig Middle School,"2500 Minnesota Dr, Anchorage, AK 99503"
2016-11-08,AK,Anchorage,borough,18-445,Spenard,Boys & Girls Club,"2300 W 36Th Ave, Anchorage, AK 99517"
2016-11-08,AK,Anchorage,borough,18-450,Willow Crest,Willow Crest Elementary School,"1004 W Tudor Rd, Anchorage, AK 99503"
2016-11-08,AK,Anchorage,borough,18-455,West Anchorage No. 3,Alaska Club West,"1400 W Northern Lights Blvd, Anchorage, AK 99503"
2016-11-08,AK,Anchorage,borough,18-460,Fireweed No. 1,North Star Elementary School,"605 W Fireweed Ln, Anchorage, AK 99503"
2016-11-08,AK,Anchorage,borough,18-465,Fireweed No. 2,Steller Secondary School,"2508 Blueberry Rd, Anchorage, AK 99503"
2016-11-08,AK,Anchorage,borough,18-470,Fireweed No. 3,Shiloh Baptist Church,"855 E 20Th Ave, Anchorage, AK 99501"
2016-11-08,AK,Anchorage,borough,18-475,Midtown No. 1,Loussac Library,"3600 Denali St, Anchorage, AK 99503"
2016-11-08,AK,Anchorage,borough,18-480,Midtown No. 2,First American Baptist Church,"1200 E 27Th Ave, Anchorage, AK 99508"
2016-11-08,AK,Anchorage,borough,19-500,North Mt View No. 1,Mt View Boys & Girls Club,"315 Price St, Anchorage, AK 99508"
2016-11-08,AK,Anchorage,borough,19-505,North Mt View No. 2,Mt View Boys & Girls Club,"315 Price St, Anchorage, AK 99508"
2016-11-08,AK,Anchorage,borough,19-510,South Mt View No. 1,Williwaw Elementary School,"1200 San Antonio St, Anchorage, AK 99508"
2016-11-08,AK,Anchorage,borough,19-515,South Mt View No. 2,St Anthony's Catholic Church,"825 S Klevin, Anchorage, AK 99508"
2016-11-08,AK,Anchorage,borough,19-520,Airport Heights No. 1,Airport Heights Elementary,"1510 Alder, Anchorage, AK 99508"
2016-11-08,AK,Anchorage,borough,19-525,Airport Heights No. 2,Trinity Christian Reformed Church,"3000 E 16Th Ave, Anchorage, AK 99508"
2016-11-08,AK,Anchorage,borough,20-530,Government Hill,Government Hill Elementary,"525 E Bluff Dr, Anchorage, AK 99501"
2016-11-08,AK,Anchorage,borough,20-535,Merrill Field,Anchorage Senior Center,"1300 E 19Th Ave, Anchorage, AK 99501"
2016-11-08,AK,Anchorage,borough,20-540,Downtown Anch No. 1,First United Methodist Church,"725 W 9Th Ave, Anchorage, AK 99501"
2016-11-08,AK,Anchorage,borough,20-545,Downtown Anch No. 2,Anchorage Pioneers' Home,"923 W 11Th Ave, Anchorage, AK 99501"
2016-11-08,AK,Anchorage,borough,20-550,Downtown Anch No. 3,First Presbyterian Church,"616 W 10Th Ave, Anchorage, AK 99501"
2016-11-08,AK,Anchorage,borough,20-555,Downtown Anch No. 4,Central Lutheran Church,"1420 Cordova St, Anchorage, AK 99501"
2016-11-08,AK,Anchorage,borough,20-560,Inlet View,Inlet View Elementary School,"1219 N St, Anchorage, AK 99501"
2016-11-08,AK,Anchorage,borough,20-565,Westchester,Central Middle School of Science,"1405 E St, Anchorage, AK 99501"
2016-11-08,AK,Anchorage,borough,20-570,Fairview,Fairview Recreation Center,"1121 E 10Th Ave, Anchorage, AK 99501"
2016-11-08,AK,Anchorage,borough,21-600,Turnagain No. 1,Turnagain United Methodist,"3300 W Northern Lights Blvd, Anchorage, AK 99517"
2016-11-08,AK,Anchorage,borough,21-605,Sand Lake No. 1,Filipino Bible Church,"3340 Raspberry Rd, Anchorage, AK 99502"
2016-11-08,AK,Anchorage,borough,21-610,Sand Lake No. 2,Gladys Wood Elementary School,"7001 Cranberry, Anchorage, AK 99502"
2016-11-08,AK,Anchorage,borough,21-615,Sand Lake No. 3,Sand Lake Baptist Church,"7434 Jewel Lake Rd, Anchorage, AK 99502"
2016-11-08,AK,Anchorage,borough,21-620,Lake Spenard,Spenard Recreation Center,"2020 W 48Th Ave, Anchorage, AK 99517"
2016-11-08,AK,Anchorage,borough,21-625,Lake Hood,Lake Hood Elementary School,"3601 W 40Th Ave, Anchorage, AK 99517"
2016-11-08,AK,Anchorage,borough,21-630,Turnagain No. 2,Our Lady of Guadalupe,"3900 Wisconsin St, Anchorage, AK 99517"
2016-11-08,AK,Anchorage,borough,21-635,Turnagain No. 3,Our Lady of Guadalupe,"3900 Wisconsin St, Anchorage, AK 99517"
2016-11-08,AK,Anchorage,borough,22-640,Dimond No. 1,Dimond High School (Old Gym),"2902 W 88Th Ave, Anchorage, AK 99502"
2016-11-08,AK,Anchorage,borough,22-645,Kincaid,Kincaid Elementary School,"4900 Raspberry Rd, Anchorage, AK 99502"
2016-11-08,AK,Anchorage,borough,22-650,Jewel Lake No. 1,Jewel Lake Church Of Nazarene,"4025 W 88Th Ave, Anchorage, AK 99502"
2016-11-08,AK,Anchorage,borough,22-655,Jewel Lake No. 2,Chinook Elementary School,"3101 W 88Th Ave, Anchorage, AK 99502"
2016-11-08,AK,Anchorage,borough,22-660,Campbell Lake,Dimond Blvd Baptist Church,"3616 W Dimond Blvd, Anchorage, AK 99502"
2016-11-08,AK,Anchorage,borough,22-665,Sand Lake No. 4,Gloria Dei Lutheran Church,"8427 Jewel Lake Rd, Anchorage, AK 99502"
2016-11-08,AK,Anchorage,borough,22-670,Sand Lake No. 5,Sand Lake Elementary School,"7500 Jewel Lake Rd, Anchorage, AK 99502"
2016-11-08,AK,Anchorage,borough,23-735,Northwood,Northwood Elementary School,"4807 Northwood Dr, Anchorage, AK 99517"
2016-11-08,AK,Anchorage,borough,23-740,Arctic,Plumbers & Steamfitters Union,"610 W 54Th Ave, Anchorage, AK 99518"
2016-11-08,AK,Anchorage,borough,23-745,Midtown No. 3,University Center,"3801 Old Seward Hwy , Anchorage, AK 99503"
2016-11-08,AK,Anchorage,borough,23-750,Taku,Taku Elementary School,"701 E 72Nd Ave, Anchorage, AK 99518"
2016-11-08,AK,Anchorage,borough,23-755,Campbell Creek No. 1,Campbell Elementary School,"7206 Rovena, Anchorage, AK 99518"
2016-11-08,AK,Anchorage,borough,23-760,Campbell Creek No. 2,Finlandia Club,"8225 Spring Street, Anchorage, AK 99518"
2016-11-08,AK,Anchorage,borough,23-765,Campbell Creek No. 3,Anchor Lutheran School,"8100 Arctic Blvd, Anchorage, AK 99518"
2016-11-08,AK,Anchorage,borough,23-770,Dimond No. 2,Dimond Estates Recreational Hall,"1200 W Dimond Blvd, Anchorage, AK 99515"
2016-11-08,AK,Anchorage,borough,24-700,Huffman No. 1,Salvation Army Korean Community Center,"2100 DeArmoun Road, Anchorage, AK 99515"
2016-11-08,AK,Anchorage,borough,24-705,Huffman No. 2,Sunset Hills Baptist Church,"12130 Old Seward Highway, Anchorage, AK 99515"
2016-11-08,AK,Anchorage,borough,24-710,Klatt,Klatt Elementary School,"11900 Juniper Dr, Anchorage, AK 99515"
2016-11-08,AK,Anchorage,borough,24-715,Southport,Mears Middle School,"2700 W 100Th Ave, Anchorage, AK 99515"
2016-11-08,AK,Anchorage,borough,24-720,Ocean View No. 1,Oceanview Elementary School ,"11911 Johns Rd, Anchorage, AK 99515"
2016-11-08,AK,Anchorage,borough,24-725,Ocean View No. 2,Christ Our Savior Lutheran,"1612 Oceanview, Anchorage, AK 99515"
2016-11-08,AK,Anchorage,borough,24-730,Bayshore,Bayshore Elementary School,"11500 Bayshore, Anchorage, AK 99515"
2016-11-08,AK,Anchorage,borough,25-840,East Dowling No. 1,Northern Lights ABC Elementary,"2424 E Dowling Road, Anchorage, AK 99507"
2016-11-08,AK,Anchorage,borough,25-845,Elmore No. 1,Anchorage Bible Fellowship,"7348 Elmore Rd, Anchorage, AK 99507"
2016-11-08,AK,Anchorage,borough,25-850,Abbott  No. 1,Service High School,"5577 Abbott Rd, Anchorage, AK 99507"
2016-11-08,AK,Anchorage,borough,25-855,Lore No. 1,Kasuun Elementary School,"4000 E 68Th Ave, Anchorage, AK 99507"
2016-11-08,AK,Anchorage,borough,25-860,Lore No. 2,Independent Baptist Church,"1801 E 68Th Ave, Anchorage, AK 99507"
2016-11-08,AK,Anchorage,borough,25-865,Abbott No. 2,Abbott Loop Elementary School,"8427 Lake Otis Pkwy, Anchorage, AK 99507"
2016-11-08,AK,Anchorage,borough,25-870,East Dowling No. 2,MOA Public Works Dept,"4700 Elmore Rd, Anchorage, AK 99507"
2016-11-08,AK,Anchorage,borough,26-800,Independence Park No. 1,Spring Hill Elementary School,"9911 Lake Otis Pkwy, Anchorage, AK 99507"
2016-11-08,AK,Anchorage,borough,26-805,O'Malley No. 1,Alaska Zoo,"4731 O'Malley Rd, Anchorage, AK 99507"
2016-11-08,AK,Anchorage,borough,26-810,Huffman No. 3,Alaska Zoo,"4731 O'Malley Rd, Anchorage, AK 99507"
2016-11-08,AK,Anchorage,borough,26-815,Huffman No. 4,St Elizabeth Ann Seton Church,"2901 E Huffman Rd, Anchorage, AK 99516"
2016-11-08,AK,Anchorage,borough,26-820,O'Malley No. 2,O'Malley Elementary School,"11100 Rockridge Dr, Anchorage, AK 99516"
2016-11-08,AK,Anchorage,borough,26-825,Independence Park No. 2,Hanshew Middle School,"10121 Lake Otis Pkwy, Anchorage, AK 99507"
2016-11-08,AK,Anchorage,borough,26-830,Elmore No. 2,Amazing Grace Lutheran Church,"10955 Elmore Rd, Anchorage, AK 99516"
2016-11-08,AK,Anchorage,borough,26-835,O'Malley No. 3,The Alaska Club South,"10931 O'Malley Centre Dr, Anchorage, AK 99515"
2016-11-08,AK,Anchorage,borough,27-900,Cheney Lake,East Anchorage United Methodist,"1660 Patterson, Anchorage, AK 99504"
2016-11-08,AK,Anchorage,borough,27-905,Muldoon No. 3,Susitna Elementary School,"7500 Tyone Ct, Anchorage, AK 99504"
2016-11-08,AK,Anchorage,borough,27-910,Muldoon No. 4,St Patrick's Parish,"2111 Muldoon Rd, Anchorage, AK 99504"
2016-11-08,AK,Anchorage,borough,27-915,Chugach Ft. Hills No. 1,Wayland Baptist University,"7801 E 32Nd Ave, Anchorage, AK 99504"
2016-11-08,AK,Anchorage,borough,27-920,Chugach Ft. Hills No. 2,Benson Secondary School,"4515 Campbell Airstrip Rd, Anchorage, AK 99507"
2016-11-08,AK,Anchorage,borough,27-925,Scenic Park,Scenic Park Elementary School,"3933 Patterson, Anchorage, AK 99504"
2016-11-08,AK,Anchorage,borough,27-930,Baxter,Baxter Elementary School,"2991 Baxter Rd, Anchorage, AK 99504"
2016-11-08,AK,Anchorage,borough,27-935,Stuckagain Heights,Fire Station No. 14,"4515 Campbell Airstrip Road, Anchorage, AK 99507"
2016-11-08,AK,Anchorage,borough,28-105,Rabbit Creek No. 1,Rabbit Creek Elementary School,"13650 Lake Otis Pkwy, Anchorage, AK 99516"
2016-11-08,AK,Anchorage,borough,28-110,Rabbit Creek No. 2,Rabbit Creek Community Church,"3401 Rabbit Creek Rd, Anchorage, AK 99516"
2016-11-08,AK,Anchorage,borough,28-115,Huffman No. 6,Huffman Elementary School,"12000 Lorraine, Anchorage, AK 99516"
2016-11-08,AK,Anchorage,borough,28-120,Huffman No. 7,Trinity Presbyterian Church,"12310 Lorraine St, Anchorage, AK 99516"
2016-11-08,AK,Anchorage,borough,28-125,Bear Valley,Bear Valley Elementary School,"15001 Mountain Air Dr, Anchorage, AK 99516"
2016-11-08,AK,Anchorage,borough,28-130,Indian,Valley Bible Chalet,"29135 Seward Hwy, Indian, AK 99540"
2016-11-08,AK,Anchorage,borough,28-135,Girdwood,Girdwood Community Center,"250 Egloff St, Girdwood, AK 99587"
2016-11-08,AK,Anchorage,borough,28-140,Golden View,Goldenview Middle School,"15800 Goldenview Drive, Anchorage, AK 99516"
2016-11-08,AK,Anchorage,borough,28-145,O'Malley No. 4,Seventh Day Adventist Conf Offic,"6100 O'Malley Rd, Anchorage, AK 99507"
2016-11-08,AK,Kenai Peninsula,borough,29-100,Bear Creek,Bear Creek Fire Hall,"Mi 5 Seward Highway, Seward, AK 99664"
2016-11-08,AK,Kenai Peninsula,borough,29-110,Cooper Landing,Cooper Landing Community Hall,"Bean Creek Road, Cooper Landing, AK 99572"
2016-11-08,AK,Kenai Peninsula,borough,29-115,Funny River No. 1,Funny River Community Center,"35850 Pioneer Access, Soldotna, AK 99669"
2016-11-08,AK,Kenai Peninsula,borough,29-120,Hope,Hope Retreat Center,"A Ave, Hope, AK 99605"
2016-11-08,AK,Kenai Peninsula,borough,29-130,Mackey Lake,Kpb Offices - Assembly Chambers,"144 N Binkley, Soldotna, AK 99669"
2016-11-08,AK,Kenai Peninsula,borough,29-140,Moose Pass,Moose Pass Community Hall,"Mi 29 Seward Highway, Moose Pass, AK 99631"
2016-11-08,AK,Kenai Peninsula,borough,29-150,Nikiski,Nikiski Community Rec Center,"50097 Kenai Spur Hwy, Nikiski, AK 99611"
2016-11-08,AK,Kenai Peninsula,borough,29-160,Salamatof,Nikiski Fire Station,"Mi 17.9 Kenai Spur Hwy, Nikiski, AK 99611"
2016-11-08,AK,Kenai Peninsula,borough,29-170,Seward / Lowell Point,Km Ray Seward Marine Center,"125 3Rd Ave, Seward, AK 99664"
2016-11-08,AK,Kenai Peninsula,borough,29-180,Sterling No. 1,Sterling Community Center,"35040 Sterling Highway Mile 83.5, Sterling, AK 99672"
2016-11-08,AK,Kenai Peninsula,borough,29-190,Sterling No. 2,Sterling Community Center,"35040 Sterling Highway Mile 83.5, Sterling, AK 99672"
2016-11-08,AK,Kenai Peninsula,borough,30-200,Central,Soldotna Sports Center,"538 Arena Drive, Soldotna, AK 99669"
2016-11-08,AK,Kenai Peninsula,borough,30-210,K Beach,K Beach Fire Station,"37699 K-Beach Road Mile 13.5, Kenai, AK 99611"
2016-11-08,AK,Kenai Peninsula,borough,30-220,Kenai No. 1,Kenai Mall (Old Carrs Mall),"11312 Kenai Spur Hwy, Kenai, AK 99611"
2016-11-08,AK,Kenai Peninsula,borough,30-230,Kenai No. 2,Challenger Learning Center,"9711 Kenai Spur Highway, Kenai, AK 99611"
2016-11-08,AK,Kenai Peninsula,borough,30-240,Kenai No. 3,Kenai Senior Center,"361 Senior Court, Kenai, AK 99611"
2016-11-08,AK,Kenai Peninsula,borough,30-250,Soldotna,Soldotna City Hall,"177 N Birch Street, Soldotna, AK 99669"
2016-11-08,AK,Kenai Peninsula,borough,31-300,Anchor Point,Anchor Point Senior Center,"Mi .25 Milo Fritz Avenue, Anchor Point, AK 99556"
2016-11-08,AK,Kenai Peninsula,borough,31-310,Diamond Ridge,Homer Chamber Of Commerce,"201 Sterling Highway, Homer, AK 99603"
2016-11-08,AK,Kenai Peninsula,borough,31-320,Fox River,Kachemak Emergency Services,"53048 Ashwood Ave, Homer, AK 99603"
2016-11-08,AK,Kenai Peninsula,borough,31-340,Funny River No. 2,Kpb Offices - Assembly Chambers,"144 N Binkley, Soldotna, AK 99669"
2016-11-08,AK,Kenai Peninsula,borough,31-350,Homer No. 1,Homer City Council Chambers,"491 E Pioneer Avenue, Homer, AK 99603"
2016-11-08,AK,Kenai Peninsula,borough,31-360,Homer No. 2,Homer Senior Center,"3935 Svedlund St, Homer, AK 99603"
2016-11-08,AK,Kenai Peninsula,borough,31-370,Kachemak / Fritz Creek,Kachemak Community Center,"59906 Bear Creek Drive, Homer, AK 99603"
2016-11-08,AK,Kenai Peninsula,borough,31-380,Kasilof,Kasilof Fire Station,"58260 Sterling Hwy, Kasilof, AK 99610"
2016-11-08,AK,Kenai Peninsula,borough,31-390,Ninilchik,Kenai Fairgrounds Community Room,"16200 Sterling Hwy, Ninilchik, AK 99639"
2016-11-08,AK,Kodiak Island,borough,32-800,Chiniak,Chiniak Post Office Annex Room,"36158 Chiniak Hwy, Chiniak, AK 99615"
2016-11-08,AK,,borough,32-805,Cordova,The Cordova Center,"601 First Street, Cordova, AK 99574"
2016-11-08,AK,Kodiak Island,borough,32-810,Flats,Womens Bay Fire Hall,"538 Sargent Creek Road, Kodiak, AK 99615"
2016-11-08,AK,Kodiak Island,borough,32-815,Kodiak Island South,Larsen Bay Community Hall,
2016-11-08,AK,Kodiak Island,borough,32-820,Kodiak No. 1,Harbormaster Building,"403 Marine Way West, Kodiak, AK 99615"
2016-11-08,AK,Kodiak Island,borough,32-825,Kodiak No. 2,Community Teen Center,"410 Cedar Street, Kodiak, AK 99615"
2016-11-08,AK,Kodiak Island,borough,32-830,Mission Road,Bayside Fire Hall,"4606 E Rezanof Drive, Kodiak, AK 99615"
2016-11-08,AK,Kodiak Island,borough,32-835,Old Harbor,Old Harbor Senior Center,"Three Saints Avenue, Old Harbor, AK 99643"
2016-11-08,AK,Kodiak Island,borough,32-840,Ouzinkie,Ouzinkie Community Center,"3Rd Street, Ouzinkie, AK 99644"
2016-11-08,AK,Kodiak Island,borough,32-845,Port Lions,Port Lions Community Building,"207 Spruce Drive, Port Lions, AK 99550"
2016-11-08,AK,Kenai Peninsula,borough,32-847,Seldovia / Kachemak Bay,Seldovia Library,"260 Seldovia Street, Seldovia, AK 99663"
2016-11-08,AK,,borough,32-850,Tatitlek,Tatitlek Community Center,
2016-11-08,AK,,borough,32-855,Tyonek,Tyonek Community Hall,"100 A Street, Tyonek, AK 99682"
2016-11-08,AK,Yakutat,borough,32-860,Yakutat,Yakutat Public Safety Building,"609 Forest Hwy 10, Yakutat, AK 99689"
2016-11-08,AK,Juneau,borough,33-500,Douglas,Douglas Public Library,"1016 3Rd Street, Douglas, AK 99824"
2016-11-08,AK,,borough,33-505,Gustavus,Gustavus Public Library,"Gustavus Road, Gustavus, AK 99826"
2016-11-08,AK,Juneau,borough,33-510,Juneau No. 1,State Of Alaska Library Archives Museum,"395 Whittier St , Juneau, AK 99801"
2016-11-08,AK,Juneau,borough,33-515,Juneau No. 2,Northern Light United Church,"400 W 11Th St, Juneau, AK 99801"
2016-11-08,AK,Juneau,borough,33-520,Juneau No. 3,Bartlett Regional Hospital,"3260 Hospital Dr, Juneau, AK 99801"
2016-11-08,AK,Juneau,borough,33-525,Lemon Creek,Alaska Electric Light & Power,"5601 Tonsgard Court, Juneau, AK 99801"
2016-11-08,AK,Juneau,borough,33-530,North Douglas,Juneau Fire Station,"820 Glacier Avenue, Juneau, AK 99801"
2016-11-08,AK,Skagway,borough,33-540,Skagway,Skagway Borough Office,"700 Spring Street, Skagway, AK 99840"
2016-11-08,AK,Haines,borough,33-545,Haines No. 1,Chilkat Center,"314 Theatre Dr, Haines, AK 99827"
2016-11-08,AK,Haines,borough,33-550,Haines No. 2,Klehini Valley Fire Department,"Mosquito Lake Road, Haines, AK 99827"
2016-11-08,AK,,borough,33-555,Klukwan,Klukwan Ans,"Klukwan, Klukwan, AK 99827"
2016-11-08,AK,Juneau,borough,34-400,Auke Bay,Uas Recreation Center,"12300 Mendenhall Loop Rd, Juneau, AK 99801"
2016-11-08,AK,Juneau,borough,34-410,Juneau Airport,Nugget Mall,"8745 Glacier Highway Suite #328, Juneau, AK 99801"
2016-11-08,AK,Juneau,borough,34-420,Lynn Canal,Auke Bay Ferry Terminal,"13.8 Mile Glacier Highway, Juneau, AK 99801"
2016-11-08,AK,Juneau,borough,34-430,Mendenhall Valley No. 1,Mendenhall Valley Public Library,"3025 Dimond Park Loop, Juneau, AK 99801"
2016-11-08,AK,Juneau,borough,34-440,Mendenhall Valley No. 2,Aldersgate Methodist Church,"9161 Cinema Dr, Juneau, AK 99801"
2016-11-08,AK,Juneau,borough,34-450,Mendenhall Valley No. 3,Glacier Valley Baptist Church,"3921 Mendenhall Loop Road, Juneau, AK 99801"
2016-11-08,AK,Juneau,borough,34-460,Mendenhall Valley No. 4,Shepherd Of The Valley Lutheran,"4212 Mendenhall Loop Road, Juneau, AK 99801"
2016-11-08,AK,,borough,35-700,Angoon,Angoon City Office Court Room,"315 Heendae Street, Angoon, AK 99820"
2016-11-08,AK,,borough,35-705,Craig,Craig City Hall,"500 Third Street, Craig, AK 99921"
2016-11-08,AK,,borough,35-720,Hoonah,Hoonah City Hall,"300 Front St, Hoonah, AK 99829"
2016-11-08,AK,,borough,35-730,Kake,Kake City Hall,"264 Front St, Kake, AK 99830"
2016-11-08,AK,,borough,35-735,Kasaan,David S Peele Community Hall,"Peele & Jones Street, Kasaan, AK 99950"
2016-11-08,AK,,borough,35-740,Klawock,Klawock City Hall,"550 Summit Street, Klawock, AK 99925"
2016-11-08,AK,,borough,35-745,North Prince Of Wales,City Library,"106 Denali Alley, Coffman Cove, AK 99918"
2016-11-08,AK,,borough,35-750,Pelican / Elfin Cove,Pelican City Hall,"Salmon Way, Pelican, AK 99832"
2016-11-08,AK,Petersburg,borough,35-755,Petersburg / Kupreanof,Aquatic Center Lobby,"109 Charles W Street, Petersburg, AK 99833"
2016-11-08,AK,,borough,35-760,Port Alexander,Bear Hall Community Center,
2016-11-08,AK,Sitka,borough,35-765,Sitka No. 1,Grace Harbor Church,"1904 Halibut Point Rd, Sitka, AK 99835"
2016-11-08,AK,Sitka,borough,35-770,Sitka No. 2,St Gregory Nazianzen Catholic Church,"605 Lincoln St, Sitka, AK 99835"
2016-11-08,AK,,borough,35-775,Tenakee Springs,Tenakee Community Center,"Tenakee Avenue, Tenakee Springs, AK 99841"
2016-11-08,AK,,borough,35-780,Thorne Bay,Thorne Bay City Hall,"120 Freeman Dr, Thorne Bay, AK 99919"
2016-11-08,AK,Ketchikan Gateway,borough,36-600,Ketchikan No. 1,Gateway Recreation Center,"601 Schoenbar Rd, Ketchikan, AK 99901"
2016-11-08,AK,Ketchikan Gateway,borough,36-610,Ketchikan No. 2,Plaza Mall,"2417 Tongass Avenue Suite 215, Ketchikan, AK 99901"
2016-11-08,AK,Ketchikan Gateway,borough,36-620,Ketchikan No. 3,Ketchikan Ferry Terminal,"3501 Tongass Avenue, Ketchikan, AK 99901"
2016-11-08,AK,Ketchikan Gateway,borough,36-640,North Tongass No. 1,North Tongass Fire Station No 6,"7550 N Tongass Highway, Ketchikan, AK 99901"
2016-11-08,AK,Ketchikan Gateway,borough,36-650,North Tongass No. 2,North Tongass Fire Station No 8,"13110 N Tongass Highway, Ketchikan, AK 99901"
2016-11-08,AK,Ketchikan Gateway,borough,36-660,Saxman,Saxman Community Hall,"2841 S Tongass Hwy, Saxman, AK 99901"
2016-11-08,AK,Ketchikan Gateway,borough,36-670,South Tongass,Fawn Mountain School,"400 Old Homestead Road, Ketchikan, AK 99901"
2016-11-08,AK,,borough,36-675,Hydaburg,Hydaburg Municipal Building,"Eighth St Extension, Hydaburg, AK 99922"
2016-11-08,AK,,borough,36-680,Metlakatla,Metlakatla Town Hall,"Upper Milton Street, Metlakatla, AK 99926"
2016-11-08,AK,Wrangell,borough,36-690,Wrangell,James & Elsie Nolan Civic Center,"296 Campbell Dr, Wrangell, AK 99929"
2016-11-08,AK,Aleutians East,borough,37-700,Akutan,Akutan City Hall,"109 Winday Way, Akutan, AK 99553"
2016-11-08,AK,,borough,37-702,Aleknagik,Aleknagik City Hall,"33 Main Street, Aleknagik, AK 99555"
2016-11-08,AK,,borough,37-704,Aleutians No. 1,Bob Reeves High School,"100 Mechanic Road, Adak, AK 99615"
2016-11-08,AK,,borough,37-706,Aleutians No. 2,Unalaska City Hall,"43 Raven Way, Unalaska, AK 99685"
2016-11-08,AK,Lake & Peninsula ,borough,37-708,Chignik,Chignik City Clerk's Office,"101 Cemetary Road, Chignik, AK 99564"
2016-11-08,AK,,borough,37-710,Clark's Point,Clark's Point Village Council Building,"Saguyak AVE, Ckark's Point, AK 99569"
2016-11-08,AK,Aleutians East,borough,37-712,Cold Bay,Cold Bay Municipal Building,"10 Baranov Street, Cold Bay, AK 99571"
2016-11-08,AK,,borough,37-714,Dillingham,Dillingham City Hall,"141 Main Street, Dillingham, AK 99576"
2016-11-08,AK,Lake & Peninsula ,borough,37-716,Egegik,Egegik City Hall,"189 Airport Road, Egegik, AK 99579"
2016-11-08,AK,,borough,37-718,Ekwok,Ekwok City Hall,"101 Main Street, Ekwok, AK 99580"
2016-11-08,AK,Aleutians East,borough,37-720,King Cove,King Cove City Clerk's Office,"37 Rams Creek Road, King Cove, AK 99612"
2016-11-08,AK,Bristol Bay,borough,37-722,King Salmon,King Salmon Village Council Building,"MI .5 King Salmon Heights Road, King Salmon, AK 99613"
2016-11-08,AK,,borough,37-724,Koliganek,Koliganek Village Council Building,"Nushagak Road, Koliganek, AK 99576"
2016-11-08,AK,Lake & Peninsula ,borough,37-726,Lake Iliamna No. 1,Newhalen City Hall,
2016-11-08,AK,Lake & Peninsula ,borough,37-728,Lake Iliamna No. 2,Kokhanok Community Hall,"2 Bayview Drive, Kokhanok, AK 99606"
2016-11-08,AK,Lake & Peninsula ,borough,37-730,Levelock,Levelock Rainbow Hall,
2016-11-08,AK,,borough,37-732,Manokotak,Manokotak City Office,
2016-11-08,AK,Bristol Bay,borough,37-734,Naknek,Borough Building Assemby Room,"1 Main Street, Naknek, AK 99633"
2016-11-08,AK,,borough,37-736,New Stuyahok,New Stuyahok City Hall,"Main Street, New Stuyahok, AK 99636"
2016-11-08,AK,Lake & Peninsula ,borough,37-738,Nondalton,Nondalton Community Hall,"49 Main Street, Nondalton, AK 99640"
2016-11-08,AK,Lake & Peninsula ,borough,37-740,Pedro Bay,Pedro Bay Village Council Building,"2516 Maountain Circle, Pedro Bay, AK 99647"
2016-11-08,AK,Lake & Peninsula ,borough,37-742,Port Heiden,Port Heiden Community Hall,"2200 James Street, Port Heiden, AK 99549"
2016-11-08,AK,Aleutians East,borough,37-744,Sand Point,Sand Point City Hall,"249 Main Street, Sand Point, AK 99661"
2016-11-08,AK,,borough,37-746,Sleetmute,Sleetmute Office Building,"109 Main Street, Sleetmute, AK 99668"
2016-11-08,AK,,borough,37-748,South Naknek,South Naknek Community Hall,"113 Airport St, South Naknek, AK 99670"
2016-11-08,AK,,borough,37-750,St. George Island,St. George City Office,
2016-11-08,AK,,borough,37-752,St. Paul Island,St. Paul City Auditorium,"950 Gorbach Road, St. Paul, AK 99660"
2016-11-08,AK,,borough,37-754,Togiak,Togiak City Office,"2nd & G Street, Togiak, AK 99678"
2016-11-08,AK,,borough,38-800,Akiachak,Akiachak Recreation Center,"Main Street, Akiachak, AK 99551"
2016-11-08,AK,,borough,38-802,Akiak,Akiak Community Hall,
2016-11-08,AK,,borough,38-804,Aniak,Aniak Community Hall,
2016-11-08,AK,,borough,38-806,Atmautluak,Atmautluak Community Hall,"101 Boardwalk Lane, Atmautluak, AK 99559"
2016-11-08,AK,,borough,38-808,Bethel No. 1,Lower Kuskokwim School District Office,"1004 Ron Edwards Way, Bethel, AK 99559"
2016-11-08,AK,,borough,38-810,Bethel No. 2,Yupiit Piciryarait Cultural Center,"420 Chief Eddie Hoffman Highway, Bethel, AK 99559"
2016-11-08,AK,,borough,38-812,Chefornak,Chefornak Complex Building,"101 Complex Drive, Chefornak, AK 99561"
2016-11-08,AK,,borough,38-814,Chauthbaluk,Chauthbaluk Community Hall,"Community Center Drive, Chauthbaluk, AK 99557"
2016-11-08,AK,,borough,38-816,Crooked Creek,Crooked Creek Village Office,"101 Main Street, Crooked Creek, AK 99575"
2016-11-08,AK,,borough,38-818,Eek,Eek City Office,"2 Council Street, Eek, AK 99578"
2016-11-08,AK,,borough,38-820,Goodnews Bay,Goodnews Bay Community Hall,"139 Rocky Mountain Road, Goodnews Bay, AK 99589"
2016-11-08,AK,,borough,38-822,Kasigluk,Kasigluk Community Hall,"1 Tangerpagcayaq Road, Kasigluk, AK 99609"
2016-11-08,AK,,borough,38-824,Kipnuk,Kanganak Community Hall,"101 Council Drive, Kipnuk, AK 99614"
2016-11-08,AK,,borough,38-826,Kongiganak,Kongiganak Community Hall,
2016-11-08,AK,,borough,38-828,Kwethluk,Kwethluk City Office,"Kwethluk Street, Kwethluk, AK 99621"
2016-11-08,AK,,borough,38-830,Kwigillingok,Kwigillingok Community Hall,
2016-11-08,AK,,borough,38-832,Lower Kalskag,Lower Kalskag Community Hall,"69 Main Street, Lower Kalskag, AK 99626"
2016-11-08,AK,,borough,38-834,Marshall,Marshall Community Hall,"1008 Poltes AVE #B, Marshall, AK 99585"
2016-11-08,AK,,borough,38-836,Mekoryuk,Mekoryuk Old City Office,"37 Airport Road, Mekoryuk, AK 99630"
2016-11-08,AK,,borough,38-838,Napakiak,Napakiak Bingo Hall,"17 Airport Road, Napakiak, AK 99634"
2016-11-08,AK,,borough,38-840,Napaskiak,Napaskiak Community Hall,
2016-11-08,AK,,borough,38-842,Newtok,Newtok Community Quyurrvik Hall,"100 Armory Road, Newtok, AK 99559"
2016-11-08,AK,,borough,38-844,Nightmute,Nightmute Community Hall,
2016-11-08,AK,,borough,38-846,Nunapitchuk,Nunapitchuk Bingo Hall,
2016-11-08,AK,,borough,38-848,Quinhagak,Quinhagak Bingo Hall,"100 Qanirtuuq Drive, Quinhagak, AK 99655"
2016-11-08,AK,,borough,38-850,Russian Mission,Russian Mission City Office,"5111 Main Street, Russian Mission, AK 99657"
2016-11-08,AK,,borough,38-852,Toksook Bay,Billy Lincoln Sr. Memorial Hall,
2016-11-08,AK,,borough,38-854,Tuluksak,Tuluksak Recreation Center,"10th Main Street, Tuluksak, AK 99679"
2016-11-08,AK,,borough,38-856,Tuntutuliak,Tuntutuliak Community Hall,"101 Patluska Street, Tuntutuliak, AK 99680"
2016-11-08,AK,,borough,38-858,Tununak,Tununak IRA Building,"Main Street, Tununak, AK 99681"
2016-11-08,AK,,borough,38-860,Upper Kalskag,Multi-Facility Building Tribal Office,
2016-11-08,AK,,borough,39-900,Alakanuk,Alakanuk Community Hall,"500 Anderson Street, Alakanuk, AK 99554"
2016-11-08,AK,,borough,39-902,Brevig Mission,Brevig Mission Community Hall,"Tutu Street, Brevig Mission, AK 99785"
2016-11-08,AK,,borough,39-904,Chevak,JVP Building,"176 Trinity Street, Chevak, AK 99563"
2016-11-08,AK,,borough,39-906,Diomede,Diomede Community Hall,
2016-11-08,AK,,borough,39-908,Elim,Elim City Building,"101 Hillside Street, Elim, AK 99739"
2016-11-08,AK,,borough,39-910,Emmonak,Emmonak Community Hall,"9 Emmonak Road, Emmonak, AK 99581"
2016-11-08,AK,,borough,39-912,Gambell,Qerngughvik Community Hall,"189 Beach Access, Gambell, AK 99742"
2016-11-08,AK,,borough,39-914,Golovin,Golovin Community Hall,
2016-11-08,AK,,borough,39-916,Hooper Bay,Brown Council Building,"2 Tomaganuk Road, Hooper Bay, AK 99604"
2016-11-08,AK,,borough,39-918,Kotlik,Kotlik City Hall,"5 Curry Street, Kotlik, AK 99620"
2016-11-08,AK,,borough,39-920,Koyuk,Koyuk Community Hall,
2016-11-08,AK,,borough,39-922,Mountain Village,Mountain Village Community Hall,"St. Mary's Highway, Mountain Village, AK 99632"
2016-11-08,AK,,borough,39-924,Nome No. 1,Old St. Joseph's Church,"407 Bering Street, Nome, AK 99762"
2016-11-08,AK,,borough,39-926,Nome No. 2,Old St. Joseph's Church,"407 Bering Street, Nome, AK 99762"
2016-11-08,AK,,borough,39-928,Nunam Iqua,Nunam Iqua Community Hall,"First Main Street, Nunam Iqua, AK 99666"
2016-11-08,AK,,borough,39-930,Pilot Station,Tutalgaq Community Center,"9 Airport Road, Pilot Station, AK 99650"
2016-11-08,AK,,borough,39-932,Savoonga,Savoonga Municipal Building,"11 Airport Road, Savoonga, AK 99769"
2016-11-08,AK,,borough,39-934,Scammon Bay,Scammon Bay Traditional Council Building,"102 Ashinuk Street, Scammon Bay, AK 99662"
2016-11-08,AK,,borough,39-936,Shaktoolik,Shaktoolik City Hall,"Main Street, Shaktoolik, AK 99771"
2016-11-08,AK,,borough,39-938,Shishmaref,Shishmaref Community Hall,
2016-11-08,AK,,borough,39-940,St. Mary's,St. Mary's City Hall,"174 Paukan AVE, St. Mary's, AK 99658"
2016-11-08,AK,,borough,39-942,St. Michael,St. Michael City Office ,"100 Baker Street, St. Michael, AK 99659"
2016-11-08,AK,,borough,39-944,Stebbins,Stebbins Community Hall,"36 Abel Street, Stebbins, AK 99671"
2016-11-08,AK,,borough,39-946,Teller,Teller Community/Bingo Hall,"Caribou Street, Teller, AK 99778"
2016-11-08,AK,,borough,39-948,Unalakleet,Aaron Paneok-Myles Gonangnan Memorial Hall,"270 Main Street, Unalakleet, AK 99684"
2016-11-08,AK,,borough,39-950,Wales,Wales Multi-purpose Building,"1 Airport Way, Wales, AK 99783"
2016-11-08,AK,,borough,39-952,White Mountain,New Community Building,"101 White Mountain Hill Road, White Mountain, AK 99784"
2016-11-08,AK,Northwest Arctic,borough,40-002,Ambler,Ambler IRA Building,"1001 Grizzly Way, Ambler, AK 99786"
2016-11-08,AK,North Slope,borough,40-004,Anaktuvuk Pass,City Office/Recreation Center,"3031 Main Street, Anaktuvuk Pass, AK 99721"
2016-11-08,AK,North Slope,borough,40-006,Atqasuk,Atqasuk Community Hall,"5010 Ekosik Street, Atqasuk, AK 99791"
2016-11-08,AK,North Slope,borough,40-008,Barrow,North Slope Borough Building,"1274 Agvik Street, Barrow, AK 99723"
2016-11-08,AK,North Slope,borough,40-010,Browerville,Inupiat Heritage Center,"5421 North Star Street, Barrow, AK 99723"
2016-11-08,AK,Northwest Arctic,borough,40-012,Buckland,Buckland Community Hall,"49 Old Airport Road, Bukland, AK 99727"
2016-11-08,AK,Northwest Arctic,borough,40-014,Deering,Deering Community Hall,"59 Main Street, Deering, AK 99736"
2016-11-08,AK,North Slope,borough,40-016,Kaktovik,Kaktovik Community Hall,"2051 Barter AVE, Kaktovik, AK 99747"
2016-11-08,AK,Northwest Arctic,borough,40-018,Kiana,Kiana Community Hall,"Casonoff Street, Kiana, AK 99749"
2016-11-08,AK,Northwest Arctic,borough,40-020,Kivalina,Kivalina Community Hall,"Bering Street, Kivalina, AK 99750"
2016-11-08,AK,Northwest Arctic,borough,40-022,Kobuk,Kobuk Community Hall,"519 Church Street, Kobuk, AK 99751"
2016-11-08,AK,Northwest Arctic,borough,40-024,Kotzebue,Northwest Arctic Borough Building,"163 Lagoon Street, Kotzebue, AK 99752"
2016-11-08,AK,Northwest Arctic,borough,40-026,Noatak,Noatak IRA Building,
2016-11-08,AK,Northwest Arctic,borough,40-028,Noorvik,Noorvik Community Hall,"20 Fireweed Drive, Noorvik, AK 99763"
2016-11-08,AK,North Slope,borough,40-030,Nuiqsut,Kiskik Community Center,"2230 2nd AVE, Nuiqsut, AK 99789"
2016-11-08,AK,North Slope,borough,40-032,Point Hope,Point Hope City Hall,"530 Natchiq Street, Point Hope, AK 99766"
2016-11-08,AK,North Slope,borough,40-034,Point Lay,Point Lay Community Center,
2016-11-08,AK,Northwest Arctic,borough,40-036,Selawik,Selawik Community Hall,
2016-11-08,AK,Northwest Arctic,borough,40-038,Shungnak,Coffee House,"Hall Street, Shungnak, AK 99773"
2016-11-08,AK,North Slope,borough,40-040,Wainwright,Wainwright Community Hall,"1216 Airport Road, Wainwright, AK 99782"
